{"type": "FeatureCollection", "features": [{"type": "Feature", "geometry": {"type": "Point", "coordinates": [12.389692, 55.620933]}, "properties": {"id": 1071, "name": "Egholmvej 19", "city": "Vallensbæk Strand", "postalcode": 2665.0, "type": "Handicap", "accessible": 1, "payment": "Nej", "changing_table": "Nej", "water": "Ja", "description": "", "municipality": "Vallensbæk", "source": "FindToilet"}}, {"type": "Feature", "geometry": {"type": "Point", "coordinates": [12.35904, 55.650566]}, "properties": {"id": 1070, "name": "Horsbred 197", "city": "Vallensbæk", "postalcode": 2625.0, "type": "Handicap", "accessible": 1, "payment": "Nej", "changing_table": "Nej", "water": "Ja", "description": "", "municipality": "Vallensbæk", "source": "FindToilet"}}, {"type": "Feature", "geometry": {"type": "Point", "coordinates": [12.367175, 55.635456]}, "properties": {"id": 1074, "name": "Højrupgårdsvej 1", "city": "Vallensbæk", "postalcode": 2625.0, "type": "Handicap", "accessible": 1, "payment": "Nej", "changing_table": "Nej", "water": "Ja", "description": "", "municipality": "Vallensbæk", "source": "FindToilet"}}, {"type": "Feature", "geometry": {"type": "Point", "coordinates": [12.372302, 55.629609]}, "properties": {"id": 1067, "name": "idræts alle 2", "city": "Vallensbæk", "postalcode": 2625.0, "type": "Handicap", "accessible": 1, "payment": "Nej", "changing_table": "Ja", "water": "Ja", "description": "", "municipality": "Vallensbæk", "source": "FindToilet"}}, {"type": "Feature", "geometry": {"type": "Point", "coordinates": [12.36979, 55.632575]}, "properties": {"id": 1072, "name": "Idræts alle 5", "city": "Vallensbæk", "postalcode": 2625.0, "type": "Handicap", "accessible": 1, "payment": "Nej", "changing_table": "Nej", "water": "Ja", "description": "", "municipality": "Vallensbæk", "source": "FindToilet"}}, {"type": "Feature", "geometry": {"type": "Point", "coordinates": [12.358788, 55.647658]}, "properties": {"id": 1075, "name": "Tværbækvej 1", "city": "Vallensbæk", "postalcode": 2625.0, "type": "Handicap", "accessible": 1, "payment": "Nej", "changing_table": "Nej", "water": "Ja", "description": "", "municipality": "Vallensbæk", "source": "FindToilet"}}, {"type": "Feature", "geometry": {"type": "Point", "coordinates": [12.397574, 55.61253]}, "properties": {"id": 1069, "name": "Vallensbæk Havnevej", "city": "Vallensbæk Strand", "postalcode": 2665.0, "type": "Handicap", "accessible": 1, "payment": "Nej", "changing_table": "Ja", "water": "Ja", "description": "", "municipality": "Vallensbæk", "source": "FindToilet"}}, {"type": "Feature", "geometry": {"type": "Point", "coordinates": [12.398436, 55.61218]}, "properties": {"id": 1068, "name": "Vallensbæk Havnevej 20", "city": "Vallensbæk Strand", "postalcode": 2665.0, "type": "Handicap", "accessible": 1, "payment": "Nej", "changing_table": "Nej", "water": "Ja", "description": "", "municipality": "Vallensbæk", "source": "FindToilet"}}, {"type": "Feature", "geometry": {"type": "Point", "coordinates": [12.386713, 55.624123]}, "properties": {"id": 1076, "name": "Vallensbæk Stationstorv 100", "city": "Vallensbæk Strand", "postalcode": 2665.0, "type": "Handicap", "accessible": 1, "payment": "Nej", "changing_table": "Ja", "water": "Ja", "description": "", "municipality": "Vallensbæk", "source": "FindToilet"}}, {"type": "Feature", "geometry": {"type": "Point", "coordinates": [12.358455, 55.637841]}, "properties": {"id": 1073, "name": "Vejlegårdsvej 121", "city": "Vallensbæk", "postalcode": 2625.0, "type": "Handicap", "accessible": 1, "payment": "Nej", "changing_table": "Nej", "water": "Ja", "description": "", "municipality": "Vallensbæk", "source": "FindToilet"}}, {"type": "Feature", "geometry": {"type": "Point", "coordinates": [12.356781, 55.638304]}, "properties": {"id": 1066, "name": "Vejlegårdsvej 123", "city": "Vallensbæk", "postalcode": 2625.0, "type": "Handicap", "accessible": 1, "payment": "Nej", "changing_table": "Nej", "water": "Ja", "description": "", "municipality": "Vallensbæk", "source": "FindToilet"}}, {"type": "Feature", "geometry": {"type": "Point", "coordinates": [12.670826, 55.594526]}, "properties": {"id": 844, "name": "E C Hammersvej 3", "city": "Dragør", "postalcode": 2791.0, "type": "Handicap", "accessible": 1, "payment": "Nej", "changing_table": "Nej", "water": "Ja", "description": "", "municipality": "Dragør", "source": "FindToilet"}}, {"type": "Feature", "geometry": {"type": "Point", "coordinates": [12.678446, 55.592398]}, "properties": {"id": 808, "name": "Færgevej 12", "city": "Dragør", "postalcode": 2791.0, "type": "Handicap", "accessible": 1, "payment": "Nej", "changing_table": "Ved ikke", "water": "Ja", "description": "", "municipality": "Dragør", "source": "FindToilet"}}, {"type": "Feature", "geometry": {"type": "Point", "coordinates": [12.67767, 55.59327]}, "properties": {"id": 811, "name": "Gl. Havn 2", "city": "Dragør", "postalcode": 2791.0, "type": "Handicap", "accessible": 1, "payment": "Nej", "changing_table": "Ved ikke", "water": "Ja", "description": "Havnekontoret", "municipality": "Dragør", "source": "FindToilet"}}, {"type": "Feature", "geometry": {"type": "Point", "coordinates": [12.567655, 55.562431]}, "properties": {"id": 809, "name": "Kalvebodsvej 265", "city": "Dragør", "postalcode": 2791.0, "type": "Handicap", "accessible": 1, "payment": "Nej", "changing_table": "Ved ikke", "water": "Ja", "description": "Ved Kongelundsfortet", "municipality": "Dragør", "source": "FindToilet"}}, {"type": "Feature", "geometry": {"type": "Point", "coordinates": [12.670872, 55.594558]}, "properties": {"id": 858, "name": "Nordre Væl", "city": "Dragør", "postalcode": 2791.0, "type": "Handicap", "accessible": 1, "payment": "Nej", "changing_table": "Ved ikke", "water": "Ja", "description": "", "municipality": "Dragør", "source": "FindToilet"}}, {"type": "Feature", "geometry": {"type": "Point", "coordinates": [12.676057, 55.5898]}, "properties": {"id": 806, "name": "Prins Knuds Dæmning 1", "city": "Dragør", "postalcode": 2791.0, "type": "Handicap", "accessible": 1, "payment": "Nej", "changing_table": "Ved ikke", "water": "Ja", "description": "", "municipality": "Dragør", "source": "FindToilet"}}, {"type": "Feature", "geometry": {"type": "Point", "coordinates": [12.67515, 55.5944]}, "properties": {"id": 812, "name": "Strandlinien 3", "city": "Dragør", "postalcode": 2791.0, "type": "Handicap", "accessible": 1, "payment": "Nej", "changing_table": "Ved ikke", "water": "Ja", "description": "Sejlklubben", "municipality": "Dragør", "source": "FindToilet"}}, {"type": "Feature", "geometry": {"type": "Point", "coordinates": [12.67272, 55.5877]}, "properties": {"id": 810, "name": "Batterivej 15", "city": "Dragør", "postalcode": 2791.0, "type": "Unisex", "accessible": 0, "payment": "Nej", "changing_table": "Ved ikke", "water": "Ja", "description": "Ved Gabriel Jensen feriekoloni", "municipality": "Dragør", "source": "FindToilet"}}, {"type": "Feature", "geometry": {"type": "Point", "coordinates": [12.6751, 55.593436]}, "properties": {"id": 805, "name": "Gl. Havn 15", "city": "Dragør", "postalcode": 2791.0, "type": "Unisex", "accessible": 0, "payment": "Nej", "changing_table": "Ved ikke", "water": "Ja", "description": "", "municipality": "Dragør", "source": "FindToilet"}}, {"type": "Feature", "geometry": {"type": "Point", "coordinates": [12.658076, 55.581891]}, "properties": {"id": 807, "name": "Søndre Strandvej 50", "city": "Dragør", "postalcode": 2791.0, "type": "Unisex", "accessible": 0, "payment": "Nej", "changing_table": "Ved ikke", "water": "Ja", "description": "Ved Cafe Sylten. Toilettet er åbent når Caféen er åbent.\nÅbner 1. april.", "municipality": "Dragør", "source": "FindToilet"}}, {"type": "Feature", "geometry": {"type": "Point", "coordinates": [12.297714, 55.927552]}, "properties": {"id": 795, "name": "Hillerød bibliotek, Christiansgade 1", "city": "Hillerød", "postalcode": 3400.0, "type": "Handicap", "accessible": 1, "payment": "Nej", "changing_table": "Ja", "water": "Ja", "description": "Placering: I bibliotekets vandrehal\nÅbningstider: man-tors 10-18, fre-lør 10-14, søndag lukket\nAnsvarlig: teknisk serviceleder på biblioteket tlf: 72325800\n1 dame, 2 unisex, 2 handicap", "municipality": "Hillerød", "source": "FindToilet"}}, {"type": "Feature", "geometry": {"type": "Point", "coordinates": [12.304931, 55.929916]}, "properties": {"id": 803, "name": "P-hus øst, Østergade 3", "city": "Hillerød", "postalcode": 3400.0, "type": "Handicap", "accessible": 1, "payment": "Nej", "changing_table": "Nej", "water": "Ja", "description": "Placering: ?\nÅbningstider: ?\nMeget ulækkert\nToilet er IKKE kommunens ansvar", "municipality": "Hillerød", "source": "FindToilet"}}, {"type": "Feature", "geometry": {"type": "Point", "coordinates": [12.300251, 55.931532]}, "properties": {"id": 799, "name": "Posen, Slotsgade 40", "city": "Hillerød", "postalcode": 3400.0, "type": "Handicap", "accessible": 1, "payment": "Nej", "changing_table": "Nej", "water": "Ja", "description": "Placering: ?\nÅbningstider: 7 -22\n1 dame, 1 herre, 1 handicap", "municipality": "Hillerød", "source": "FindToilet"}}, {"type": "Feature", "geometry": {"type": "Point", "coordinates": [12.333538, 55.935469]}, "properties": {"id": 801, "name": "Skansekirkegård, Skansevej 113", "city": "Hillerød", "postalcode": 3400.0, "type": "Handicap", "accessible": 1, "payment": "Nej", "changing_table": "Nej", "water": "Ja", "description": "Placering: Hvid bygning overfor p-plads, nedgang af brostensrampe eller trappe\nÅbningstider: man-torsdag 7-14.30, fredag 7-12, lør- og søndag lukket\n1 handicaptoilet", "municipality": "Hillerød", "source": "FindToilet"}}, {"type": "Feature", "geometry": {"type": "Point", "coordinates": [12.29901, 55.929885]}, "properties": {"id": 797, "name": "Slotsarkaderne ved P-hus nord", "city": "Hillerød", "postalcode": 3400.0, "type": "Handicap", "accessible": 1, "payment": "Nej", "changing_table": "Ja", "water": "Ja", "description": "Placering: Slotsarkaderne ved Humac Frederiks Torv \nÅbningstider: 6-24\n1 dame, 1 herre, 1 handicap\nToilet er IKKE kommunens ansvar", "municipality": "Hillerød", "source": "FindToilet"}}, {"type": "Feature", "geometry": {"type": "Point", "coordinates": [12.297378, 55.928201]}, "properties": {"id": 796, "name": "Slotsarkaderne ved P-hus syd", "city": "Hillerød", "postalcode": 3400.0, "type": "Handicap", "accessible": 1, "payment": "Nej", "changing_table": "Ja", "water": "Ja", "description": "Placering: Ved udgang fra arkaderne mod P-hus syd\nÅbningstider: 6-24\nAnsvarlig: Vagtpersonale, telefonnr. 28 18 46 46\n1 dame, 1 herre, 1 handicap\nToilet er IKKE kommunens ansvar", "municipality": "Hillerød", "source": "FindToilet"}}, {"type": "Feature", "geometry": {"type": "Point", "coordinates": [12.302841, 55.929335]}, "properties": {"id": 800, "name": "Torvet", "city": "Hillerød", "postalcode": 3400.0, "type": "Handicap", "accessible": 1, "payment": "Nej", "changing_table": "Nej", "water": "Ja", "description": "Placering: Mobil toiletvogn\nÅbningstider: 7 -22\nAnsvarlig: Rådighedsvagten Hillerød kommune 72328765\nUnisex + handicap i ét", "municipality": "Hillerød", "source": "FindToilet"}}, {"type": "Feature", "geometry": {"type": "Point", "coordinates": [12.305935, 55.929489]}, "properties": {"id": 804, "name": "Hillerød Kirkegård, Østergade 10", "city": "Hillerød", "postalcode": 3400.0, "type": "Unisex", "accessible": 0, "payment": "Nej", "changing_table": "Nej", "water": "Ja", "description": "Placering: ?\nÅbningstider: 7-16 i hverdage, lukket i weekender.\n1 herre 1 dame", "municipality": "Hillerød", "source": "FindToilet"}}, {"type": "Feature", "geometry": {"type": "Point", "coordinates": [12.287592, 55.936681]}, "properties": {"id": 802, "name": "Nyhuse Kapel, Kapelvej", "city": "Hillerød", "postalcode": 3400.0, "type": "Unisex", "accessible": 0, "payment": "Nej", "changing_table": "Nej", "water": "Ja", "description": "Placering: Bagsiden af kapel\nÅbningstider: Hverdage 7-14.30, lør- og søndag lukket\n1 dame, 1 herre", "municipality": "Hillerød", "source": "FindToilet"}}, {"type": "Feature", "geometry": {"type": "Point", "coordinates": [12.59157, 55.778203]}, "properties": {"id": 762, "name": "Bellevue Strand - Midt, Strandvejen 340", "city": "Klampenborg", "postalcode": 2930.0, "type": "Handicap", "accessible": 1, "payment": "Nej", "changing_table": "Nej", "water": "Ja", "description": "Placering: I bygning syd for Strandvejen 340\nÅbningstider: 7-21", "municipality": "Gentofte", "source": "FindToilet"}}, {"type": "Feature", "geometry": {"type": "Point", "coordinates": [12.570634, 55.732344]}, "properties": {"id": 777, "name": "Byens Hus, Hellerupvej 24", "city": "Hellerup", "postalcode": 2900.0, "type": "Handicap", "accessible": 1, "payment": "Nej", "changing_table": "Nej", "water": "Ja", "description": "Placering: I bygning (ved hovedindgang i nr. 24)\nÅbningstider: 7-22 (man-fre)", "municipality": "Gentofte", "source": "FindToilet"}}, {"type": "Feature", "geometry": {"type": "Point", "coordinates": [12.588719, 55.746532]}, "properties": {"id": 761, "name": "Charlottenlund Fort - Midt, Strandvejen 144", "city": "Charlottenlund", "postalcode": 2920.0, "type": "Handicap", "accessible": 1, "payment": "Nej", "changing_table": "Ja", "water": "Ja", "description": "Placering: I bygning øst for vandgrav\nÅbningstider: 7-21 Sommersæson: juni, juli og august", "municipality": "Gentofte", "source": "FindToilet"}}, {"type": "Feature", "geometry": {"type": "Point", "coordinates": [12.586283, 55.743982]}, "properties": {"id": 767, "name": "Charlottenlund Fort - Syd, Strandvejen 144", "city": "Charlottenlund", "postalcode": 2920.0, "type": "Handicap", "accessible": 1, "payment": "Nej", "changing_table": "Nej", "water": "Ja", "description": "Placering: I bygning øst for Strandvejen 144\nÅbningstider: 7-21 Hele året", "municipality": "Gentofte", "source": "FindToilet"}}, {"type": "Feature", "geometry": {"type": "Point", "coordinates": [12.538861, 55.732253]}, "properties": {"id": 772, "name": "Dyssegård Bibliotek, Dyssegårdsvej 24", "city": "Dyssegård", "postalcode": 2870.0, "type": "Handicap", "accessible": 1, "payment": "Nej", "changing_table": "Ja", "water": "Ja", "description": "Placering: I biblioteksbygning\nÅbningstider: 6-24", "municipality": "Gentofte", "source": "FindToilet"}}, {"type": "Feature", "geometry": {"type": "Point", "coordinates": [12.573543, 55.737691]}, "properties": {"id": 778, "name": "Gentofte Hovedbibliotek, Ahlmanns Allé 6", "city": "Hellerup", "postalcode": 2900.0, "type": "Handicap", "accessible": 1, "payment": "Nej", "changing_table": "Ja", "water": "Ja", "description": "Placering: I biblioteksbygning\nÅbningstider: 9-20 (man-fre) og 10-16 (lør-søn)", "municipality": "Gentofte", "source": "FindToilet"}}, {"type": "Feature", "geometry": {"type": "Point", "coordinates": [12.542079, 55.749728]}, "properties": {"id": 765, "name": "Gentofte Kirkegård, Gentoftegade 21", "city": "Gentofte", "postalcode": 2820.0, "type": "Handicap", "accessible": 1, "payment": "Nej", "changing_table": "Nej", "water": "Ja", "description": "Placering: I bygning sydøst for kirke\nÅbningstider: Hele døgnet", "municipality": "Gentofte", "source": "FindToilet"}}, {"type": "Feature", "geometry": {"type": "Point", "coordinates": [12.53856, 55.745928]}, "properties": {"id": 755, "name": "Gentofte Sø, Fiskebakken 7", "city": "Gentofte", "postalcode": 2820.0, "type": "Handicap", "accessible": 1, "payment": "Nej", "changing_table": "Nej", "water": "Ja", "description": "Placering: I bygning øst for søbred\nÅbningstider: 7-22", "municipality": "Gentofte", "source": "FindToilet"}}, {"type": "Feature", "geometry": {"type": "Point", "coordinates": [12.559536, 55.731488]}, "properties": {"id": 766, "name": "Hellerup Kirkegård, C.V.E. Knuths Vej 5", "city": "Hellerup", "postalcode": 2900.0, "type": "Handicap", "accessible": 1, "payment": "Nej", "changing_table": "Nej", "water": "Ja", "description": "Placering: I sydlig del af tidligere kapel\nÅbningstider: Hele døgnet", "municipality": "Gentofte", "source": "FindToilet"}}, {"type": "Feature", "geometry": {"type": "Point", "coordinates": [12.526808, 55.761573]}, "properties": {"id": 774, "name": "Jægersborg Bibliotek, Smakkegårdsvej 112", "city": "Gentofte", "postalcode": 2820.0, "type": "Handicap", "accessible": 1, "payment": "Nej", "changing_table": "Ja", "water": "Ja", "description": "Placering: I biblioteksbygning\nÅbningstider: 6-24", "municipality": "Gentofte", "source": "FindToilet"}}, {"type": "Feature", "geometry": {"type": "Point", "coordinates": [12.573671, 55.758566]}, "properties": {"id": 775, "name": "Ordrup Bibliotek, Ejgårdsvej 11", "city": "Charlottenlund", "postalcode": 2920.0, "type": "Handicap", "accessible": 1, "payment": "Nej", "changing_table": "Ja", "water": "Ja", "description": "Placering: I biblioteksbygning\nÅbningstider: 6-24", "municipality": "Gentofte", "source": "FindToilet"}}, {"type": "Feature", "geometry": {"type": "Point", "coordinates": [12.576782, 55.765169]}, "properties": {"id": 764, "name": "Ordrup Kirkegård, Ellensvej 8", "city": "Charlottenlund", "postalcode": 2920.0, "type": "Handicap", "accessible": 1, "payment": "Nej", "changing_table": "Nej", "water": "Ja", "description": "Placering: I nordvestlig del af tidligere kapel\nÅbningstider: 7-17", "municipality": "Gentofte", "source": "FindToilet"}}, {"type": "Feature", "geometry": {"type": "Point", "coordinates": [12.599825, 55.763859]}, "properties": {"id": 768, "name": "Skovshoved Havn - Nord, Skovshoved Havn 4", "city": "Charlottenlund", "postalcode": 2920.0, "type": "Handicap", "accessible": 1, "payment": "Nej", "changing_table": "Nej", "water": "Ja", "description": "Placering: I bygning nord for Skovshoved Havn 26A\nÅbningstider: Hele døgnet", "municipality": "Gentofte", "source": "FindToilet"}}, {"type": "Feature", "geometry": {"type": "Point", "coordinates": [12.599778, 55.759589]}, "properties": {"id": 760, "name": "Skovshoved Havn - Syd, Skovshoved Havn 4", "city": "Charlottenlund", "postalcode": 2920.0, "type": "Handicap", "accessible": 1, "payment": "Nej", "changing_table": "Ja", "water": "Ja", "description": "Placering: I bygning øst for Skovshoved Havn 10A\nÅbningstider: Hele døgnet", "municipality": "Gentofte", "source": "FindToilet"}}, {"type": "Feature", "geometry": {"type": "Point", "coordinates": [12.591034, 55.760717]}, "properties": {"id": 758, "name": "Teglgårsparken, Melchiorsvej 13", "city": "Charlottenlund", "postalcode": 2920.0, "type": "Handicap", "accessible": 1, "payment": "Nej", "changing_table": "Nej", "water": "Ja", "description": "Placering: I bygning vest for legeplads\nÅbningstider: 7-22", "municipality": "Gentofte", "source": "FindToilet"}}, {"type": "Feature", "geometry": {"type": "Point", "coordinates": [12.518486, 55.751076]}, "properties": {"id": 776, "name": "Vangede Bibliotek, Vangede Bygade 45", "city": "Gentofte", "postalcode": 2820.0, "type": "Handicap", "accessible": 1, "payment": "Nej", "changing_table": "Ja", "water": "Ja", "description": "Placering: I biblioteksbygning\nÅbningstider: 6-24", "municipality": "Gentofte", "source": "FindToilet"}}, {"type": "Feature", "geometry": {"type": "Point", "coordinates": [12.592594, 55.780054]}, "properties": {"id": 770, "name": "Bellevue Strand - Nord, Strandvejen 340", "city": "Klampenborg", "postalcode": 2930.0, "type": "Unisex", "accessible": 0, "payment": "Nej", "changing_table": "Nej", "water": "Ja", "description": "Placering: I bygning Bellevue Strand 14\nÅbningstider: 7-21", "municipality": "Gentofte", "source": "FindToilet"}}, {"type": "Feature", "geometry": {"type": "Point", "coordinates": [12.591653, 55.776379]}, "properties": {"id": 763, "name": "Bellevue Strand - Syd, Strandvejen 340", "city": "Klampenborg", "postalcode": 2930.0, "type": "Unisex", "accessible": 0, "payment": "Nej", "changing_table": "Nej", "water": "Ja", "description": "Placering: I bygning Strandvejen 338A\nÅbningstider: 7-21", "municipality": "Gentofte", "source": "FindToilet"}}, {"type": "Feature", "geometry": {"type": "Point", "coordinates": [12.557787, 55.757935]}, "properties": {"id": 754, "name": "Femvejen, Femvejen 1", "city": "Charlottenlund", "postalcode": 2920.0, "type": "Unisex", "accessible": 0, "payment": "Nej", "changing_table": "Nej", "water": "Ja", "description": "Placering: I bygning sydvest for rundkørsel\nÅbningstider: 7-22", "municipality": "Gentofte", "source": "FindToilet"}}, {"type": "Feature", "geometry": {"type": "Point", "coordinates": [12.541293, 55.746575]}, "properties": {"id": 773, "name": "Gentoftegade Bibliotek, Gentoftegade 45", "city": "Gentofte", "postalcode": 2820.0, "type": "Unisex", "accessible": 0, "payment": "Nej", "changing_table": "Ja", "water": "Ja", "description": "Placering: I biblioteksbygning\nÅbningstider: 6-24", "municipality": "Gentofte", "source": "FindToilet"}}, {"type": "Feature", "geometry": {"type": "Point", "coordinates": [12.579768, 55.732703]}, "properties": {"id": 756, "name": "Hellerup Havn, Strandparksvej 38", "city": "Hellerup", "postalcode": 2900.0, "type": "Unisex", "accessible": 0, "payment": "Nej", "changing_table": "Nej", "water": "Ja", "description": "Placering: I bygning Onsgårdsvej 18A\nÅbningstider: 7-22", "municipality": "Gentofte", "source": "FindToilet"}}, {"type": "Feature", "geometry": {"type": "Point", "coordinates": [12.515254, 55.759413]}, "properties": {"id": 771, "name": "Mariebjerg Kirkegård, Mariebjergvej 1", "city": "Gentofte", "postalcode": 2820.0, "type": "Unisex", "accessible": 0, "payment": "Nej", "changing_table": "Nej", "water": "Ja", "description": "Placering: I bygning øst for kirkegårdskontor\nÅbningstider: Hele døgnet", "municipality": "Gentofte", "source": "FindToilet"}}, {"type": "Feature", "geometry": {"type": "Point", "coordinates": [12.599639, 55.762048]}, "properties": {"id": 769, "name": "Skovshoved Havn - Midt, Skovshoved Havn 4", "city": "Charlottenlund", "postalcode": 2920.0, "type": "Unisex", "accessible": 0, "payment": "Nej", "changing_table": "Nej", "water": "Ja", "description": "Placering: I bygning Skovshoved Havn 1B\nÅbningstider: Hele døgnet", "municipality": "Gentofte", "source": "FindToilet"}}, {"type": "Feature", "geometry": {"type": "Point", "coordinates": [12.518376, 55.751595]}, "properties": {"id": 757, "name": "Vangede bydelscenter, Vangede Bygade 38", "city": "Gentofte", "postalcode": 2820.0, "type": "Unisex", "accessible": 0, "payment": "Nej", "changing_table": "Nej", "water": "Ja", "description": "Placering: I bygning nordøst på parkeringsplads\nÅbningstider: 7-22", "municipality": "Gentofte", "source": "FindToilet"}}, {"type": "Feature", "geometry": {"type": "Point", "coordinates": [12.5761, 55.739702]}, "properties": {"id": 759, "name": "Øregårdsparken, Tranegårdsvej 1", "city": "Hellerup", "postalcode": 2900.0, "type": "Unisex", "accessible": 0, "payment": "Nej", "changing_table": "Nej", "water": "Ja", "description": "Placering: I bygning nord for legeplads\nÅbningstider: 7-22", "municipality": "Gentofte", "source": "FindToilet"}}, {"type": "Feature", "geometry": {"type": "Point", "coordinates": [12.533168, 55.686441]}, "properties": {"id": 704, "name": "Aksel Møllers Have, ved Metronomen", "city": "Frederiksberg", "postalcode": 2000.0, "type": "Handicap", "accessible": 1, "payment": "Nej", "changing_table": "Ved ikke", "water": "Ved ikke", "description": "Placering: Fritstående toilet.\nÅbningstider: Åbent hele døgnet.", "municipality": "Frederiksberg", "source": "FindToilet"}}, {"type": "Feature", "geometry": {"type": "Point", "coordinates": [12.523107, 55.681818]}, "properties": {"id": 703, "name": "Fasanvejen Metro v. P. Andersens Vej", "city": "Frederiksberg", "postalcode": 2000.0, "type": "Handicap", "accessible": 1, "payment": "Nej", "changing_table": "Ved ikke", "water": "Ved ikke", "description": "Placering: Fritstående toilet.\nÅbningstider: Åbent hele døgnet.", "municipality": "Frederiksberg", "source": "FindToilet"}}, {"type": "Feature", "geometry": {"type": "Point", "coordinates": [12.532472, 55.677862]}, "properties": {"id": 701, "name": "Frbg. Rådhus, Frederiksberg Bredegade", "city": "Frederiksberg", "postalcode": 2000.0, "type": "Handicap", "accessible": 1, "payment": "Nej", "changing_table": "Ved ikke", "water": "Ved ikke", "description": "Placering: Fritstående toilet.\nÅbningstider: Åbent hele døgnet.", "municipality": "Frederiksberg", "source": "FindToilet"}}, {"type": "Feature", "geometry": {"type": "Point", "coordinates": [12.533389, 55.674447]}, "properties": {"id": 705, "name": "Frederiksberg Alle 59, Frederiksberg ældre Kirkegård v. Kirken", "city": "Frederiksberg", "postalcode": 1820.0, "type": "Handicap", "accessible": 1, "payment": "Nej", "changing_table": "Ved ikke", "water": "Ved ikke", "description": "Placering: ?\nÅbningstider: Begrænsede åbningstider.", "municipality": "Frederiksberg", "source": "FindToilet"}}, {"type": "Feature", "geometry": {"type": "Point", "coordinates": [12.531432, 55.68119]}, "properties": {"id": 724, "name": "Frederiksberg Metro", "city": "Frederiksberg", "postalcode": 2000.0, "type": "Handicap", "accessible": 1, "payment": "Nej", "changing_table": "Ved ikke", "water": "Ved ikke", "description": "Placering: Fritstående toilet.\nÅbningstider: Åbent hele døgnet.", "municipality": "Frederiksberg", "source": "FindToilet"}}, {"type": "Feature", "geometry": {"type": "Point", "coordinates": [12.512017, 55.681596]}, "properties": {"id": 709, "name": "Lindevangsparken, Finsensvej 39D", "city": "Frederiksberg", "postalcode": 2000.0, "type": "Handicap", "accessible": 1, "payment": "Nej", "changing_table": "Ved ikke", "water": "Ved ikke", "description": "Placering: ?\nÅbningstider: Begrænsede åbningstider.", "municipality": "Frederiksberg", "source": "FindToilet"}}, {"type": "Feature", "geometry": {"type": "Point", "coordinates": [12.553555, 55.681572]}, "properties": {"id": 727, "name": "Rosenørns Alle", "city": "Frederiksberg", "postalcode": 1970.0, "type": "Handicap", "accessible": 1, "payment": "Nej", "changing_table": "Ved ikke", "water": "Ved ikke", "description": "Placering: Julius Thomsens Plads.\nÅbningstider: Åbent hele døgnet.", "municipality": "Frederiksberg", "source": "FindToilet"}}, {"type": "Feature", "geometry": {"type": "Point", "coordinates": [12.509677, 55.672969]}, "properties": {"id": 743, "name": "Roskildevej 54, Solbjerg Parkkirkegård", "city": "Frederiksberg", "postalcode": 2000.0, "type": "Handicap", "accessible": 1, "payment": "Nej", "changing_table": "Ved ikke", "water": "Ved ikke", "description": "Placering: ?\nÅbningstider: Begrænsede åbningstider.", "municipality": "Frederiksberg", "source": "FindToilet"}}, {"type": "Feature", "geometry": {"type": "Point", "coordinates": [12.50964, 55.670944]}, "properties": {"id": 744, "name": "Roskildevej 59, Søndermark Kirkegård, v. krematorium", "city": "Frederiksberg", "postalcode": 2000.0, "type": "Handicap", "accessible": 1, "payment": "Nej", "changing_table": "Ved ikke", "water": "Ved ikke", "description": "Placering: ?\nÅbningstider: Begrænsede åbningstider.", "municipality": "Frederiksberg", "source": "FindToilet"}}, {"type": "Feature", "geometry": {"type": "Point", "coordinates": [12.533364, 55.674534]}, "properties": {"id": 702, "name": "V_Frederiksberg Allé 69", "city": "Frederiksberg", "postalcode": 1820.0, "type": "Handicap", "accessible": 1, "payment": "Nej", "changing_table": "Ved ikke", "water": "Ved ikke", "description": "Placering: Fritstående toilet.\nÅbningstider: Åbent hele døgnet.", "municipality": "Frederiksberg", "source": "FindToilet"}}, {"type": "Feature", "geometry": {"type": "Point", "coordinates": [12.522665, 55.668363]}, "properties": {"id": 742, "name": "200m fra Cisternerne i Søndermarken", "city": "Frederiksberg", "postalcode": 2000.0, "type": "Unisex", "accessible": 0, "payment": "Nej", "changing_table": "Ved ikke", "water": "Ved ikke", "description": "Placering: ?\nÅbningstider: Begrænsede åbningstider.", "municipality": "Frederiksberg", "source": "FindToilet"}}, {"type": "Feature", "geometry": {"type": "Point", "coordinates": [12.525701, 55.671889]}, "properties": {"id": 729, "name": "Auditorium Frederiksberg Slot", "city": "Frederiksberg", "postalcode": 2000.0, "type": "Unisex", "accessible": 0, "payment": "Nej", "changing_table": "Ved ikke", "water": "Ved ikke", "description": "Placering: ?\nÅbningstider: Begrænsede åbningstider.", "municipality": "Frederiksberg", "source": "FindToilet"}}, {"type": "Feature", "geometry": {"type": "Point", "coordinates": [12.550796, 55.679476]}, "properties": {"id": 730, "name": "Biblioteket, Danasvej 30B", "city": "Frederiksberg", "postalcode": 1910.0, "type": "Unisex", "accessible": 0, "payment": "Nej", "changing_table": "Ved ikke", "water": "Ved ikke", "description": "Placering: ?\nÅbningstider: Begrænsede åbningstider.", "municipality": "Frederiksberg", "source": "FindToilet"}}, {"type": "Feature", "geometry": {"type": "Point", "coordinates": [12.501275, 55.671195]}, "properties": {"id": 731, "name": "Biblioteket, Nordens Plads 10 Domus Vista", "city": "Frederiksberg", "postalcode": 2000.0, "type": "Unisex", "accessible": 0, "payment": "Nej", "changing_table": "Ved ikke", "water": "Ved ikke", "description": "Placering: ?\nÅbningstider: Begrænsede åbningstider.", "municipality": "Frederiksberg", "source": "FindToilet"}}, {"type": "Feature", "geometry": {"type": "Point", "coordinates": [12.545167, 55.682299]}, "properties": {"id": 732, "name": "Bülowshallen, Bülowsvej 34", "city": "Frederiksberg", "postalcode": 2000.0, "type": "Unisex", "accessible": 0, "payment": "Nej", "changing_table": "Ved ikke", "water": "Ved ikke", "description": "Placering: ?\nÅbningstider: Begrænsede åbningstider.", "municipality": "Frederiksberg", "source": "FindToilet"}}, {"type": "Feature", "geometry": {"type": "Point", "coordinates": [12.505652, 55.682465]}, "properties": {"id": 733, "name": "Den gule Villa, Dirch Passers Allé 2", "city": "Frederiksberg", "postalcode": 2000.0, "type": "Unisex", "accessible": 0, "payment": "Nej", "changing_table": "Ved ikke", "water": "Ved ikke", "description": "Placering: ?\nÅbningstider: Begrænsede åbningstider.", "municipality": "Frederiksberg", "source": "FindToilet"}}, {"type": "Feature", "geometry": {"type": "Point", "coordinates": [12.533822, 55.681349]}, "properties": {"id": 734, "name": "Frederiksberg Centret", "city": "Frederiksberg", "postalcode": 2000.0, "type": "Unisex", "accessible": 0, "payment": "Nej", "changing_table": "Ved ikke", "water": "Ved ikke", "description": "Placering: ?\nÅbningstider: Begrænsede åbningstider.", "municipality": "Frederiksberg", "source": "FindToilet"}}, {"type": "Feature", "geometry": {"type": "Point", "coordinates": [12.497521, 55.676005]}, "properties": {"id": 735, "name": "Frederiksberg Hallerne, Jens Jessens Vej", "city": "Frederiksberg", "postalcode": 2000.0, "type": "Unisex", "accessible": 0, "payment": "Nej", "changing_table": "Ved ikke", "water": "Ved ikke", "description": "Placering: ?\nÅbningstider: Begrænsede åbningstider.", "municipality": "Frederiksberg", "source": "FindToilet"}}, {"type": "Feature", "geometry": {"type": "Point", "coordinates": [12.531258, 55.674617]}, "properties": {"id": 736, "name": "Frederiksberg Runddel 1", "city": "Frederiksberg", "postalcode": 2000.0, "type": "Unisex", "accessible": 0, "payment": "Nej", "changing_table": "Ved ikke", "water": "Ved ikke", "description": "Placering: ?\nÅbningstider: Begrænsede åbningstider.", "municipality": "Frederiksberg", "source": "FindToilet"}}, {"type": "Feature", "geometry": {"type": "Point", "coordinates": [12.530278, 55.680754]}, "properties": {"id": 737, "name": "Hovedbibliotektet, Falkoner Plads 3", "city": "Frederiksberg", "postalcode": 2000.0, "type": "Unisex", "accessible": 0, "payment": "Nej", "changing_table": "Ved ikke", "water": "Ved ikke", "description": "Placering: ?\nÅbningstider: Begrænsede åbningstider.", "municipality": "Frederiksberg", "source": "FindToilet"}}, {"type": "Feature", "geometry": {"type": "Point", "coordinates": [12.529755, 55.676141]}, "properties": {"id": 738, "name": "I Frederiksberg Have, ved Legeplads Runddelen", "city": "Frederiksberg", "postalcode": 2000.0, "type": "Unisex", "accessible": 0, "payment": "Nej", "changing_table": "Ved ikke", "water": "Ved ikke", "description": "Placering: ?\nÅbningstider: Begrænsede åbningstider.", "municipality": "Frederiksberg", "source": "FindToilet"}}, {"type": "Feature", "geometry": {"type": "Point", "coordinates": [12.5217, 55.684042]}, "properties": {"id": 739, "name": "Kedelhallen Nyelandsvej 75B", "city": "Frederiksberg", "postalcode": 2000.0, "type": "Unisex", "accessible": 0, "payment": "Nej", "changing_table": "Ved ikke", "water": "Ved ikke", "description": "Placering: ?\nÅbningstider: Begrænsede åbningstider.", "municipality": "Frederiksberg", "source": "FindToilet"}}, {"type": "Feature", "geometry": {"type": "Point", "coordinates": [12.529775, 55.685343]}, "properties": {"id": 723, "name": "Langelands Plads", "city": "Frederiksberg", "postalcode": 2000.0, "type": "Unisex", "accessible": 0, "payment": "Nej", "changing_table": "Ved ikke", "water": "Ved ikke", "description": "Placering: ?\nÅbningstider: Åbent hele døgnet.", "municipality": "Frederiksberg", "source": "FindToilet"}}, {"type": "Feature", "geometry": {"type": "Point", "coordinates": [12.537354, 55.689037]}, "properties": {"id": 740, "name": "Mariendalshallen, Mariendalsvej 21C", "city": "Frederiksberg", "postalcode": 2000.0, "type": "Unisex", "accessible": 0, "payment": "Nej", "changing_table": "Ved ikke", "water": "Ved ikke", "description": "Placering: ?\nÅbningstider: Begrænsede åbningstider.", "municipality": "Frederiksberg", "source": "FindToilet"}}, {"type": "Feature", "geometry": {"type": "Point", "coordinates": [12.527838, 55.678346]}, "properties": {"id": 741, "name": "Møstings Hus, Andebakkesti 5", "city": "Frederiksberg", "postalcode": 2000.0, "type": "Unisex", "accessible": 0, "payment": "Nej", "changing_table": "Ved ikke", "water": "Ved ikke", "description": "Placering: ?\nÅbningstider: Begrænsede åbningstider.", "municipality": "Frederiksberg", "source": "FindToilet"}}, {"type": "Feature", "geometry": {"type": "Point", "coordinates": [12.517469, 55.673977]}, "properties": {"id": 707, "name": "Søndre Fasanvej 34, Solbjerg Kirkegård v. Søndre kapel", "city": "Frederiksberg", "postalcode": 2000.0, "type": "Unisex", "accessible": 0, "payment": "Nej", "changing_table": "Ved ikke", "water": "Ved ikke", "description": "Placering: ?\nÅbningstider: Begrænsede åbningstider.", "municipality": "Frederiksberg", "source": "FindToilet"}}, {"type": "Feature", "geometry": {"type": "Point", "coordinates": [12.540984, 55.681722]}, "properties": {"id": 728, "name": "Thorvaldsensvej, Den Grønne Sti/v. KVL", "city": "Frederiksberg", "postalcode": 2000.0, "type": "Unisex", "accessible": 0, "payment": "Nej", "changing_table": "Ved ikke", "water": "Ved ikke", "description": "Placering: ?\nÅbningstider: Åbent hele døgnet.", "municipality": "Frederiksberg", "source": "FindToilet"}}, {"type": "Feature", "geometry": {"type": "Point", "coordinates": [12.59251, 55.78261]}, "properties": {"id": 563, "name": "Bombegrunden, Taarbæk Strandvej 40", "city": "Klampenborg", "postalcode": 2930.0, "type": "Handicap", "accessible": 1, "payment": "Ja", "changing_table": "Ja", "water": "Ja", "description": " Sæsonåbent \n1. april - 30. september.", "municipality": "Lyngby-Taarbæk", "source": "FindToilet"}}, {"type": "Feature", "geometry": {"type": "Point", "coordinates": [12.44471, 55.78009]}, "properties": {"id": 561, "name": "Den Gamle Have, Nybrovej 461", "city": "Kgs. Lyngby", "postalcode": 2800.0, "type": "Handicap", "accessible": 1, "payment": "Nej", "changing_table": "Nej", "water": "Ja", "description": "Herretoilet.\nDametoilet.\nHandicapvenlig indretning på dametoilettet.\n Sæsonåbent \n1. april - 30. september.", "municipality": "Lyngby-Taarbæk", "source": "FindToilet"}}, {"type": "Feature", "geometry": {"type": "Point", "coordinates": [12.54485, 55.775289]}, "properties": {"id": 693, "name": "Dyrehaven, Ermelundsvej ved Fortunen", "city": "Kgs. Lyngby", "postalcode": 2800.0, "type": "Handicap", "accessible": 1, "payment": "Nej", "changing_table": "Nej", "water": "Ja", "description": "Toilet er IKKE kommunens ansvar\nPlacering: Inden for den Røde Port i Dyrehaven og så til højre.\nÅbningstider: Åbent hele året.", "municipality": "Lyngby-Taarbæk", "source": "FindToilet"}}, {"type": "Feature", "geometry": {"type": "Point", "coordinates": [12.571752, 55.795707]}, "properties": {"id": 696, "name": "Dyrehaven, Nordre Eremitagevej", "city": "Kgs. Lyngby", "postalcode": 2800.0, "type": "Handicap", "accessible": 1, "payment": "Nej", "changing_table": "Nej", "water": "Ja", "description": "Toilet er IKKE kommunens ansvar\nPlacering: Lige ved siden af Eremitageslottet.\nÅbningstider: Åbent hele året.", "municipality": "Lyngby-Taarbæk", "source": "FindToilet"}}, {"type": "Feature", "geometry": {"type": "Point", "coordinates": [12.584583, 55.801472]}, "properties": {"id": 694, "name": "Dyrehaven, Strandvejen 817, Springforbi", "city": "Klampenborg", "postalcode": 2960.0, "type": "Handicap", "accessible": 1, "payment": "Nej", "changing_table": "Nej", "water": "Ja", "description": "Toilet er IKKE kommunens ansvar\nPlacering: Springforbivej.\nÅbningstider: Åbent hele året.", "municipality": "Lyngby-Taarbæk", "source": "FindToilet"}}, {"type": "Feature", "geometry": {"type": "Point", "coordinates": [12.544867, 55.800086]}, "properties": {"id": 695, "name": "Dyrehaven, Ved Hjortekæret 12", "city": "Kgs. Lyngby", "postalcode": 2800.0, "type": "Handicap", "accessible": 1, "payment": "Nej", "changing_table": "Nej", "water": "Ja", "description": "Toilet er IKKE kommunens ansvar\nPlacering: ?.\nÅbningstider: Sommeråbent maj - november.", "municipality": "Lyngby-Taarbæk", "source": "FindToilet"}}, {"type": "Feature", "geometry": {"type": "Point", "coordinates": [12.44425, 55.78522]}, "properties": {"id": 562, "name": "Frederiksdal Fribad, Frederiksdal Badesti", "city": "Virum", "postalcode": 2830.0, "type": "Handicap", "accessible": 1, "payment": "Nej", "changing_table": "Ja", "water": "Ja", "description": "Toilet er IKKE kommunens ansvar\nHandicaptoilet med pusleplads.\nHerre- og dametoiletter.\nHerre og dame brusekabiner.\n Sæsonåbent \n1. april - 31. oktober.", "municipality": "Lyngby-Taarbæk", "source": "FindToilet"}}, {"type": "Feature", "geometry": {"type": "Point", "coordinates": [12.49696, 55.78456]}, "properties": {"id": 558, "name": "Fuglevad Station, Skovbrynet 100", "city": "Kgs. Lyngby", "postalcode": 2800.0, "type": "Handicap", "accessible": 1, "payment": "Nej", "changing_table": "Ja", "water": "Ja", "description": " Sæsonåbent 1. april til 30. september.", "municipality": "Lyngby-Taarbæk", "source": "FindToilet"}}, {"type": "Feature", "geometry": {"type": "Point", "coordinates": [12.587457, 55.777491]}, "properties": {"id": 700, "name": "Klampenborg station, Dyrehavevej 1", "city": "Klampenborg", "postalcode": 2930.0, "type": "Handicap", "accessible": 1, "payment": "Ja", "changing_table": "Ja", "water": "Ja", "description": "Toilet er IKKE kommunens ansvar\nPlacering: ?.\nÅbningstider: 6:00-22:00.\nBetaling: 5 kr. som betales med kort.\nTjek: https://www.dsb.dk/trafikinformation/stationer/klampenborg/", "municipality": "Lyngby-Taarbæk", "source": "FindToilet"}}, {"type": "Feature", "geometry": {"type": "Point", "coordinates": [12.49898, 55.77332]}, "properties": {"id": 550, "name": "Lyngby Hovedgade 28", "city": "Kgs. Lyngby", "postalcode": 2800.0, "type": "Handicap", "accessible": 1, "payment": "Nej", "changing_table": "Ja", "water": "Ja", "description": "Almindeligt og handicaptoilet.\nPusleplads.\nÅbningstider:\nMandag-fredag: 8.00-20.00\nLørdag-søndag: 11.00-16.00", "municipality": "Lyngby-Taarbæk", "source": "FindToilet"}}, {"type": "Feature", "geometry": {"type": "Point", "coordinates": [12.507091, 55.781141]}, "properties": {"id": 1063, "name": "Lyngby Idrætsby, Lundtoftevej 53", "city": "Kongens Lyngby", "postalcode": 2800.0, "type": "Handicap", "accessible": 1, "payment": "Ved ikke", "changing_table": "Ved ikke", "water": "Ved ikke", "description": "Der er flere toiletter åbent for offentligheden. Åbent i idrætsbyens åbningstid.\nÅbningstider:\nMandag: 06.45 - 08.00 og 13.00 - 19.30​\nTirsdag: 06.45 - 21.00​\nOnsdag: 06.45 - 22.00\nTorsdag: 06.45 - 21.00\nFredag: 06.45 - 17.30​l\nLørdag: 08.00 - 16.30​\nSøndag: 08.00 - 16.30​", "municipality": "Lyngby-Taarbæk", "source": "FindToilet"}}, {"type": "Feature", "geometry": {"type": "Point", "coordinates": [12.502797, 55.76869]}, "properties": {"id": 699, "name": "Lyngby station, Jernbanepladsen 47", "city": "Kgs. Lyngby", "postalcode": 2800.0, "type": "Handicap", "accessible": 1, "payment": "Ja", "changing_table": "Ja", "water": "Ja", "description": "Toilet er IKKE kommunens ansvar\nPlacering: Op ad trappen fra Jernbanepladsen til perronen, hvor de ligger til venstre.\nÅbningstider: 6:00-22:00.\nBetaling: 5 kr. som betales med kort.\nTjek: https://www.dsb.dk/trafikinformation/stationer/lyngby/", "municipality": "Lyngby-Taarbæk", "source": "FindToilet"}}, {"type": "Feature", "geometry": {"type": "Point", "coordinates": [12.507074, 55.771644]}, "properties": {"id": 698, "name": "Lyngby Storcenter 1", "city": "Kgs. Lyngby", "postalcode": 2800.0, "type": "Handicap", "accessible": 1, "payment": "Nej", "changing_table": "Nej", "water": "Ja", "description": "Toilet er IKKE kommunens ansvar\nPlacering:\nStueplan mellem Hunkemöller og Helsemin: 3 dametoiletter, 2 herretoiletter, 1 handicaptoilet.\n1 sal bag Elgiganten: 5 dametoiletter, 3 herretoiletter, 1 handicaptoilet. (lift)\n1. sal bag Søstrene Grene: 1 stk. unisextoilet forbeholdt gæster i baby-lounge/ammestue/puslerum.\nNiveau – 1 i rødt område: rulletrappe mellem H&M og Matas: 4 dametoiletter, 1 herretoilet.\nNiveau – 1 i blåt område/Madtorvet/Store Torv: rulletrappe ved Madtorvet: 3 dametoiletter, 1 herretoilet.\nÅbningstider: Tjek https://lyngbystorcenter.dk/aabningstider/.", "municipality": "Lyngby-Taarbæk", "source": "FindToilet"}}, {"type": "Feature", "geometry": {"type": "Point", "coordinates": [12.50227, 55.76976]}, "properties": {"id": 548, "name": "Lyngby Torv 17", "city": "Kgs. Lyngby", "postalcode": 2800.0, "type": "Handicap", "accessible": 1, "payment": "Nej", "changing_table": "Nej", "water": "Ja", "description": "Almindeligt og handicap toilet.\nUnisex.\nToiletterne på rådhuset er åbent for offentligheden i borgerservice åbningstid.\nDer er kommet nye toiletter efter renoveringen\nÅbningstider:\nMandag\t09.30 – 15.00\nTirsdag\t09.30 – 15.00\nOnsdag\t09.30 – 15.00\nTorsdag\t09.30 – 17.30\nFredag\t09.00 – 13.30", "municipality": "Lyngby-Taarbæk", "source": "FindToilet"}}, {"type": "Feature", "geometry": {"type": "Point", "coordinates": [12.504058, 55.770154]}, "properties": {"id": 697, "name": "Magasin, Lyngby Hovedgade 43", "city": "Kgs. Lyngby", "postalcode": 2800.0, "type": "Handicap", "accessible": 1, "payment": "Nej", "changing_table": "Ja", "water": "Ja", "description": "Toilet er IKKE kommunens ansvar\nPlacering: 4 unisex toiletter på 3. sal (bolig) + 1 handicap & pusle toilet samt familierum placeret samme sted.\nÅbningstider: Tjek https://www.magasin.dk/sider/om-magasin/find-forretning/lyngby.html.", "municipality": "Lyngby-Taarbæk", "source": "FindToilet"}}, {"type": "Feature", "geometry": {"type": "Point", "coordinates": [12.489806, 55.779905]}, "properties": {"id": 1096, "name": "Sorgenfri kirkegård, Lottenborgvej 16", "city": "Kongens Lyngby", "postalcode": 2800.0, "type": "Handicap", "accessible": 1, "payment": "Nej", "changing_table": "Nej", "water": "Ja", "description": "Placering: Sorgenfri kirkegård.\nÅbningstider: Hele året, men lukket om natten.\nTommy Wedel har gjort et kæmpe arbejde for at få dette til at ske og skriver på sin Facebook side:\n\"Så kan vi hejse flaget. Toilettet på Sorgenfri kirkegård er åbnet. Det har været en hård tur med et par års ventetid, nu kan vi endelig benytte et toilet hvad enten man er i kørestol eller med sin rollator. Det er smukt lavet med en rampe op og masser af plads til at kunne komme rundt derinde. Toiletterne vil være lukket om natten og fint med det. Lad os i fællesskab passe på dem de er jo til fælles glæde\"", "municipality": "Lyngby-Taarbæk", "source": "FindToilet"}}, {"type": "Feature", "geometry": {"type": "Point", "coordinates": [12.49393, 55.77323]}, "properties": {"id": 560, "name": "Søpromenaden, Lyngby Sø", "city": "Virum", "postalcode": 2830.0, "type": "Handicap", "accessible": 1, "payment": "Nej", "changing_table": "Nej", "water": "Ja", "description": "Handicaptoilet.\nHerre-/dametoilet.\n Sæsonåbent 1. april til 30. september.", "municipality": "Lyngby-Taarbæk", "source": "FindToilet"}}, {"type": "Feature", "geometry": {"type": "Point", "coordinates": [12.59511, 55.78746]}, "properties": {"id": 565, "name": "Taarbæk Havn, Taarbæk Strandvej 98", "city": "Klampenborg", "postalcode": 2930.0, "type": "Handicap", "accessible": 1, "payment": "Nej", "changing_table": "Nej", "water": "Ja", "description": "Toilet er IKKE kommunens ansvar\nÅbningstider: Åbent hele året.", "municipality": "Lyngby-Taarbæk", "source": "FindToilet"}}, {"type": "Feature", "geometry": {"type": "Point", "coordinates": [12.593599, 55.785707]}, "properties": {"id": 564, "name": "Taarbæk Søbad, Rosenhaven, Taarbæk Strandvej 80", "city": "Klampenborg", "postalcode": 2930.0, "type": "Unisex", "accessible": 0, "payment": "Nej", "changing_table": "Nej", "water": "Ja", "description": "Herretoilet.\nDametoilet.\nSmalle døre ca. 50-60 cm.\nUdendørs brusere.\nSæsonåbent\n1. april - 30. september.", "municipality": "Lyngby-Taarbæk", "source": "FindToilet"}}, {"type": "Feature", "geometry": {"type": "Point", "coordinates": [14.777531, 55.052945]}, "properties": {"id": 476, "name": "Arnagervej 28", "city": "Rønne", "postalcode": 3700.0, "type": "Handicap", "accessible": 1, "payment": "Nej", "changing_table": "Ja", "water": "Ja", "description": "Placering: P-plads ved Arnager Havn.\nÅbningsperiode: hele året.", "municipality": "Bornholm", "source": "FindToilet"}}, {"type": "Feature", "geometry": {"type": "Point", "coordinates": [14.764838, 55.259545]}, "properties": {"id": 718, "name": "Borrelyngsvej 58", "city": "Allinge", "postalcode": 3770.0, "type": "Handicap", "accessible": 1, "payment": "Nej", "changing_table": "Ja", "water": "Ja", "description": "Placering: Slotslyngen\nNational cykelrute 10\nÅbningsperiode:  Åbent", "municipality": "Bornholm", "source": "FindToilet"}}, {"type": "Feature", "geometry": {"type": "Point", "coordinates": [15.108704, 55.03921]}, "properties": {"id": 423, "name": "Boulevarden 16", "city": "Nexø", "postalcode": 3730.0, "type": "Handicap", "accessible": 1, "payment": "Nej", "changing_table": "Ja", "water": "Ja", "description": "Placering: Ved Balka strand og Café.\nÅbningsperiode: lukket fra 1. nov. -31. april.", "municipality": "Bornholm", "source": "FindToilet"}}, {"type": "Feature", "geometry": {"type": "Point", "coordinates": [15.140033, 55.136031]}, "properties": {"id": 431, "name": "Bykilden", "city": "Svaneke", "postalcode": 3740.0, "type": "Handicap", "accessible": 1, "payment": "Nej", "changing_table": "Ja", "water": "Ja", "description": "Placering: Bykilden, bag ved Svaneke Bryghus.\nÅbningsperiode: hele året.", "municipality": "Bornholm", "source": "FindToilet"}}, {"type": "Feature", "geometry": {"type": "Point", "coordinates": [14.691615, 55.103691]}, "properties": {"id": 399, "name": "Bådehavnsvej 13", "city": "Rønne", "postalcode": 3700.0, "type": "Handicap", "accessible": 1, "payment": "Nej", "changing_table": "Nej", "water": "Ja", "description": "Placering: Nørrekås Havn - Servicebygning.\nÅbningsperiode: hele året.", "municipality": "Bornholm", "source": "FindToilet"}}, {"type": "Feature", "geometry": {"type": "Point", "coordinates": [14.971427, 55.212293]}, "properties": {"id": 390, "name": "Ejnar Mikkelsensvej 29, Gudhjem", "city": "Gudhjem", "postalcode": 3760.0, "type": "Handicap", "accessible": 1, "payment": "Nej", "changing_table": "Ja", "water": "Ja", "description": "Placering Gudhjem Havn v/ Christiansøfarten.\nÅbningsperiode hele året.\nÅbningstider hele døgnet.", "municipality": "Bornholm", "source": "FindToilet"}}, {"type": "Feature", "geometry": {"type": "Point", "coordinates": [14.969293, 55.214055]}, "properties": {"id": 413, "name": "Ejnar Mikkelsensvej 7C", "city": "Gudhjem", "postalcode": 3760.0, "type": "Handicap", "accessible": 1, "payment": "Nej", "changing_table": "Ja", "water": "Ja", "description": "Placering: P-plads ved Gudhjem havn.\nÅbningsperiode: fra uge 14 til 42.", "municipality": "Bornholm", "source": "FindToilet"}}, {"type": "Feature", "geometry": {"type": "Point", "coordinates": [14.905634, 55.109829]}, "properties": {"id": 477, "name": "Ekkodalsvejen 5B", "city": "Åkirkeby", "postalcode": 3720.0, "type": "Handicap", "accessible": 1, "payment": "Nej", "changing_table": "Ja", "water": "Ja", "description": "Placering: P-plads ved Ekkodalen.\nÅbningsperiode: lukket fra 1. nov. -31. april.", "municipality": "Bornholm", "source": "FindToilet"}}, {"type": "Feature", "geometry": {"type": "Point", "coordinates": [15.077628, 54.993638]}, "properties": {"id": 424, "name": "Fyrvejen 2A, Dueodde", "city": "Nexø", "postalcode": 3730.0, "type": "Handicap", "accessible": 1, "payment": "Nej", "changing_table": "Ja", "water": "Ja", "description": "Placering: P-plads ved Fyrvejen på Dueodde.\nÅbningsperiode: hele året.", "municipality": "Bornholm", "source": "FindToilet"}}, {"type": "Feature", "geometry": {"type": "Point", "coordinates": [14.705123, 55.180079]}, "properties": {"id": 706, "name": "Fælledvej 26B", "city": "Hasle", "postalcode": 3790.0, "type": "Handicap", "accessible": 1, "payment": "Nej", "changing_table": "Ja", "water": "Ja", "description": "Placering:Hasle Fælled\nNational cykelrute 10\nÅbningsperiode:  Åbent", "municipality": "Bornholm", "source": "FindToilet"}}, {"type": "Feature", "geometry": {"type": "Point", "coordinates": [14.815155, 55.26021]}, "properties": {"id": 407, "name": "Gilbertstræde 13B", "city": "Allinge", "postalcode": 3770.0, "type": "Handicap", "accessible": 1, "payment": "Nej", "changing_table": "Ja", "water": "Ja", "description": "Placering: Store Sandkås strand.\nÅbningsperiode: åbent hele året", "municipality": "Bornholm", "source": "FindToilet"}}, {"type": "Feature", "geometry": {"type": "Point", "coordinates": [14.708072, 55.171064]}, "properties": {"id": 400, "name": "Glasværksvej 1", "city": "Hasle", "postalcode": 3790.0, "type": "Handicap", "accessible": 1, "payment": "Nej", "changing_table": "Nej", "water": "Ja", "description": "Placering: P-plads ved Glasværksvej.\nÅbningsperiode: lukket fra 1. nov. - 31. april.", "municipality": "Bornholm", "source": "FindToilet"}}, {"type": "Feature", "geometry": {"type": "Point", "coordinates": [14.921532, 55.061955]}, "properties": {"id": 915, "name": "Haregade 14c", "city": "Åkirkeby", "postalcode": 3790.0, "type": "Handicap", "accessible": 1, "payment": "Nej", "changing_table": "Ja", "water": "Ja", "description": "Placering: Sdr. Byskov\nÅbningsperiode: Åbent", "municipality": "Bornholm", "source": "FindToilet"}}, {"type": "Feature", "geometry": {"type": "Point", "coordinates": [14.716841, 55.128953]}, "properties": {"id": 398, "name": "Haslevej 146B", "city": "Rønne", "postalcode": 3700.0, "type": "Handicap", "accessible": 1, "payment": "Nej", "changing_table": "Nej", "water": "Ja", "description": "Placering: Rasteplads ved Sandegård.\nÅbningsperiode: hele året.", "municipality": "Bornholm", "source": "FindToilet"}}, {"type": "Feature", "geometry": {"type": "Point", "coordinates": [14.705387, 55.184144]}, "properties": {"id": 433, "name": "Havnegade 1A", "city": "Hasle", "postalcode": 3790.0, "type": "Handicap", "accessible": 1, "payment": "Nej", "changing_table": "Ja", "water": "Ja", "description": "Placering: Torvet ved Karetmagergården.\nÅbningsperiode: hele året.\nÅbningstider: Dørlås med ur. 1. maj til 1. okt. kl.7:00 - 22:00.\n1. okt. til 1. maj kl. 7:00 - 19:00.", "municipality": "Bornholm", "source": "FindToilet"}}, {"type": "Feature", "geometry": {"type": "Point", "coordinates": [14.837795, 55.247711]}, "properties": {"id": 391, "name": "Havnen 3, Tejn", "city": "Allinge", "postalcode": 3770.0, "type": "Handicap", "accessible": 1, "payment": "Nej", "changing_table": "Ja", "water": "Ja", "description": "Placering: Tejn Havn, ved havnekontoret.\nÅbningsperiode: hele året.\nÅbningstider: hele døgnet.", "municipality": "Bornholm", "source": "FindToilet"}}, {"type": "Feature", "geometry": {"type": "Point", "coordinates": [14.942262, 55.206882]}, "properties": {"id": 713, "name": "Helligdomsvej 7B", "city": "Gudhjem", "postalcode": 3760.0, "type": "Handicap", "accessible": 1, "payment": "Nej", "changing_table": "Ja", "water": "Ja", "description": "Placering:  Rasteplads ved Bobbe bro\nNational cykelrute 10\nÅbningsperiode:  Åbent", "municipality": "Bornholm", "source": "FindToilet"}}, {"type": "Feature", "geometry": {"type": "Point", "coordinates": [14.928137, 55.214902]}, "properties": {"id": 411, "name": "Helligdomsvej 8C", "city": "Gudhjem", "postalcode": 3760.0, "type": "Handicap", "accessible": 1, "payment": "Nej", "changing_table": "Nej", "water": "Ja", "description": "Placering: Rasteplads ved Stevelen i Rø.\nÅbningsperiode: fra uge 14 til 42.", "municipality": "Bornholm", "source": "FindToilet"}}, {"type": "Feature", "geometry": {"type": "Point", "coordinates": [15.109829, 55.026539]}, "properties": {"id": 719, "name": "Hundsemyrevej 1A", "city": "Nexø", "postalcode": 3730.0, "type": "Handicap", "accessible": 1, "payment": "Nej", "changing_table": "Ja", "water": "Ja", "description": "Placering: Snogebæk\nNational cykelrute 10\nÅbningsperiode:  Åbent", "municipality": "Bornholm", "source": "FindToilet"}}, {"type": "Feature", "geometry": {"type": "Point", "coordinates": [14.725519, 55.231027]}, "properties": {"id": 438, "name": "Jons Kapelvej 2B", "city": "Hasle", "postalcode": 3790.0, "type": "Handicap", "accessible": 1, "payment": "Nej", "changing_table": "Nej", "water": "Ja", "description": "Placering: Jons kapel.\nÅbningsperiode: fra uge 14 til 42.", "municipality": "Bornholm", "source": "FindToilet"}}, {"type": "Feature", "geometry": {"type": "Point", "coordinates": [14.920519, 55.070477]}, "properties": {"id": 458, "name": "Kirkepladsen 2B", "city": "Åkirkeby", "postalcode": 3720.0, "type": "Handicap", "accessible": 1, "payment": "Nej", "changing_table": "Nej", "water": "Ja", "description": "Placering: ved Åkirkeby Grillen.\nÅbningstider: Dørlås med ur. Fra 1. maj til 1. okt. kl. 7:00 - 22:00.\n1.okt. til 1. maj kl. 7:00 - 19:00.", "municipality": "Bornholm", "source": "FindToilet"}}, {"type": "Feature", "geometry": {"type": "Point", "coordinates": [14.814172, 55.073191]}, "properties": {"id": 721, "name": "Kirkevej 10D", "city": "Åkirkeby", "postalcode": 3720.0, "type": "Handicap", "accessible": 1, "payment": "Nej", "changing_table": "Ja", "water": "Ja", "description": "Placering: Nylars kirke\nRegional cykelrute 10\nÅbningsperiode:  Åbent", "municipality": "Bornholm", "source": "FindToilet"}}, {"type": "Feature", "geometry": {"type": "Point", "coordinates": [14.804564, 55.175204]}, "properties": {"id": 441, "name": "Klemens Storegade 2", "city": "Klemensker", "postalcode": 3782.0, "type": "Handicap", "accessible": 1, "payment": "Nej", "changing_table": "Nej", "water": "Ved ikke", "description": "Placering: Ved busholdeplads i Klemensker.\nÅbningsperiode: hele året.", "municipality": "Bornholm", "source": "FindToilet"}}, {"type": "Feature", "geometry": {"type": "Point", "coordinates": [14.892829, 55.214014]}, "properties": {"id": 412, "name": "Klemenskervej 14", "city": "Gudhjem", "postalcode": 3760.0, "type": "Handicap", "accessible": 1, "payment": "Nej", "changing_table": "Ja", "water": "Ja", "description": "Placering: Rø busholdeplads\nRegional cykelrute 23\nÅbningsperiode: Åbent", "municipality": "Bornholm", "source": "FindToilet"}}, {"type": "Feature", "geometry": {"type": "Point", "coordinates": [14.803172, 55.277768]}, "properties": {"id": 443, "name": "Kæmpestranden 14", "city": "Allinge", "postalcode": 3770.0, "type": "Handicap", "accessible": 1, "payment": "Nej", "changing_table": "Ja", "water": "Ja", "description": "Placering: Allinge Havn ved Netto.\nÅbningsperiode: hele året.", "municipality": "Bornholm", "source": "FindToilet"}}, {"type": "Feature", "geometry": {"type": "Point", "coordinates": [14.6994, 55.10426]}, "properties": {"id": 393, "name": "Laksetorvet 3", "city": "Rønne", "postalcode": 3700.0, "type": "Handicap", "accessible": 1, "payment": "Nej", "changing_table": "Ja", "water": "Ja", "description": "Placering: Gågaden.\nÅbningsperiode: hele året.\nÅbningstider: automatisk døråbning og dørlås med ur. 1. maj til 1. okt. kl. 7:00 - 22:00. Fra 1. okt. til 1. maj kl. 7:00 - 19:00.", "municipality": "Bornholm", "source": "FindToilet"}}, {"type": "Feature", "geometry": {"type": "Point", "coordinates": [15.100614, 55.080459]}, "properties": {"id": 446, "name": "Lisegårdsvejen 2A", "city": "Nexø", "postalcode": 3730.0, "type": "Handicap", "accessible": 1, "payment": "Nej", "changing_table": "Nej", "water": "Ja", "description": "Placering: P-plads ved Lisegård, Paradisbakkerne.\nÅbningsperiode: hele året.", "municipality": "Bornholm", "source": "FindToilet"}}, {"type": "Feature", "geometry": {"type": "Point", "coordinates": [14.988011, 55.194325]}, "properties": {"id": 418, "name": "Melstedvej 39A", "city": "Gudhjem", "postalcode": 3760.0, "type": "Handicap", "accessible": 1, "payment": "Nej", "changing_table": "Ja", "water": "Ja", "description": "Placering: Kobbe strand, Melsted\nNational cykelrute 10\nÅbningsperiode: Åbent", "municipality": "Bornholm", "source": "FindToilet"}}, {"type": "Feature", "geometry": {"type": "Point", "coordinates": [14.694745, 55.103968]}, "properties": {"id": 715, "name": "Nordre Kystvej 19", "city": "Rønne", "postalcode": 3700.0, "type": "Handicap", "accessible": 1, "payment": "Nej", "changing_table": "Ja", "water": "Ja", "description": "Placering: Ndr. Kystvej/Nørrekås\nNational cykelrute 10\nÅbningsperiode:  Åbent", "municipality": "Bornholm", "source": "FindToilet"}}, {"type": "Feature", "geometry": {"type": "Point", "coordinates": [14.919954, 55.070286]}, "properties": {"id": 426, "name": "Nybyvej 2A", "city": "Åkirkeby", "postalcode": 3720.0, "type": "Handicap", "accessible": 1, "payment": "Nej", "changing_table": "Ja", "water": "Ja", "description": "Placering: busholdeplads ved Kirkepladsen.\nÅbningsperiode: hele året.\nÅbningstider: Dørlås med ur. Fra 1. maj til 1. okt. kl. 7:00 - 22:00.\n1. okt. til 1. maj kl. 7:00 - 19:00.", "municipality": "Bornholm", "source": "FindToilet"}}, {"type": "Feature", "geometry": {"type": "Point", "coordinates": [14.765005, 55.139925]}, "properties": {"id": 714, "name": "Nyker hovedgade 31B", "city": "Rønne", "postalcode": 3700.0, "type": "Handicap", "accessible": 1, "payment": "Nej", "changing_table": "Ja", "water": "Ja", "description": "Placering Nyker busholdeplads\nRegional cykelrute 23\nÅbningsperiode:  Åbent", "municipality": "Bornholm", "source": "FindToilet"}}, {"type": "Feature", "geometry": {"type": "Point", "coordinates": [14.717665, 55.152471]}, "properties": {"id": 716, "name": "Nyker Strandvej 19B", "city": "Hasle", "postalcode": 3790.0, "type": "Handicap", "accessible": 1, "payment": "Nej", "changing_table": "Ja", "water": "Ja", "description": "Placering: Sorthat/Muleby\nNational cykelrute 10\nÅbningsperiode:  Åbent", "municipality": "Bornholm", "source": "FindToilet"}}, {"type": "Feature", "geometry": {"type": "Point", "coordinates": [15.109122, 55.093461]}, "properties": {"id": 445, "name": "Oksemyrevejen 12", "city": "Svaneke", "postalcode": 3740.0, "type": "Handicap", "accessible": 1, "payment": "Nej", "changing_table": "Nej", "water": "Ja", "description": "Placering: P-plads ved Paradisbakkerne.\nÅbningsperiode: lukket fra 1. nov. - 31. april.", "municipality": "Bornholm", "source": "FindToilet"}}, {"type": "Feature", "geometry": {"type": "Point", "coordinates": [15.023333, 55.174643]}, "properties": {"id": 717, "name": "Randkløvevej 38C", "city": "Østermarie", "postalcode": 3751.0, "type": "Handicap", "accessible": 1, "payment": "Nej", "changing_table": "Ja", "water": "Ja", "description": "Placering: Saltuna/Hvide hus\nNational cykelrute 10\nÅbningsperiode:  Åbent", "municipality": "Bornholm", "source": "FindToilet"}}, {"type": "Feature", "geometry": {"type": "Point", "coordinates": [15.009446, 54.998137]}, "properties": {"id": 450, "name": "Sandvejen 18, Østre Sømark", "city": "Åkirkeby", "postalcode": 3720.0, "type": "Handicap", "accessible": 1, "payment": "Nej", "changing_table": "Nej", "water": "Ja", "description": "Placering: P-plads ved Sandvejen, Østre Sømark.\nÅbningsperiode: fra uge 14 til 42.", "municipality": "Bornholm", "source": "FindToilet"}}, {"type": "Feature", "geometry": {"type": "Point", "coordinates": [14.701956, 55.102316]}, "properties": {"id": 395, "name": "Sct. Mortensgade", "city": "Rønne", "postalcode": 3700.0, "type": "Handicap", "accessible": 1, "payment": "Nej", "changing_table": "Ja", "water": "Ja", "description": "Placering: P-plads i Kollagårrinj.\nÅbningsperiode: hele året.\nÅbningstider: automatisk døråbning. Dørlås med ur. Fra 1. maj til 1. okt. kl. 7:00 - 22:00. Fra 1. okt. til 1. maj kl. 7:00 til 19:00.", "municipality": "Bornholm", "source": "FindToilet"}}, {"type": "Feature", "geometry": {"type": "Point", "coordinates": [14.916572, 55.123846]}, "properties": {"id": 722, "name": "Segenvej 56", "city": "Åkirkeby", "postalcode": 3720.0, "type": "Handicap", "accessible": 1, "payment": "Nej", "changing_table": "Ja", "water": "Ja", "description": "Placering: Hareløkkerne/Almindingen\nRegional cykelrute 22\nÅbningsperiode:  Åbent", "municipality": "Bornholm", "source": "FindToilet"}}, {"type": "Feature", "geometry": {"type": "Point", "coordinates": [14.850772, 55.214977]}, "properties": {"id": 708, "name": "Slettevej 10B", "city": "Gudhjem", "postalcode": 3760.0, "type": "Handicap", "accessible": 1, "payment": "Nej", "changing_table": "Ja", "water": "Ja", "description": "Placering: Rutsker Højlyng\nRegional cykelrute 26\nÅbningsperiode:  Åbent", "municipality": "Bornholm", "source": "FindToilet"}}, {"type": "Feature", "geometry": {"type": "Point", "coordinates": [14.696989, 55.101394]}, "properties": {"id": 394, "name": "Snellemark 28B", "city": "Rønne", "postalcode": 3700.0, "type": "Handicap", "accessible": 1, "payment": "Nej", "changing_table": "Ved ikke", "water": "Ja", "description": "Placering: ved Rådhuskiosken, Snellemark.\nÅbningsperiode: hele året.\nÅbningstider: automatisk døråbning. Dørlås med ur + nødbelysning. Fra 1. maj til 1. okt. kl. 7:00 - 22:00. Fra 1. okt. til 1. maj kl. 7:00 - 19:00.", "municipality": "Bornholm", "source": "FindToilet"}}, {"type": "Feature", "geometry": {"type": "Point", "coordinates": [14.727578, 55.103203]}, "properties": {"id": 397, "name": "Snorrebakken 6B", "city": "Rønne", "postalcode": 3700.0, "type": "Handicap", "accessible": 1, "payment": "Nej", "changing_table": "Nej", "water": "Ja", "description": "Placering: Rasteplads ved Snorrebakken.\nÅbningsperiode: hele året.", "municipality": "Bornholm", "source": "FindToilet"}}, {"type": "Feature", "geometry": {"type": "Point", "coordinates": [15.110131, 55.145745]}, "properties": {"id": 427, "name": "Strandstien 1B, Listed", "city": "Svaneke", "postalcode": 3740.0, "type": "Handicap", "accessible": 1, "payment": "Nej", "changing_table": "Ja", "water": "Ja", "description": "Placering: Listed Havn ved siden af Guldsmed Sebastian Frost.\nÅbningsperiode:hele året.", "municipality": "Bornholm", "source": "FindToilet"}}, {"type": "Feature", "geometry": {"type": "Point", "coordinates": [15.143512, 55.108537]}, "properties": {"id": 419, "name": "Strandvejen 4, Årsdale", "city": "Svaneke", "postalcode": 3740.0, "type": "Handicap", "accessible": 1, "payment": "Nej", "changing_table": "Nej", "water": "Ja", "description": "Placering: ved Årsdale havn/strand. Passagerly.\nÅbningsperiode: hele året.", "municipality": "Bornholm", "source": "FindToilet"}}, {"type": "Feature", "geometry": {"type": "Point", "coordinates": [14.800486, 55.27921]}, "properties": {"id": 460, "name": "Sverigesvej 6", "city": "Allinge", "postalcode": 3770.0, "type": "Handicap", "accessible": 1, "payment": "Nej", "changing_table": "Ja", "water": "Ja", "description": "Placering: Allinge Havn.\nÅbningsperiode: fra uge 19 til 42.", "municipality": "Bornholm", "source": "FindToilet"}}, {"type": "Feature", "geometry": {"type": "Point", "coordinates": [15.147828, 55.128983]}, "properties": {"id": 712, "name": "Sydskovvej", "city": "Svaneke", "postalcode": 3740.0, "type": "Handicap", "accessible": 1, "payment": "Nej", "changing_table": "Ja", "water": "Ja", "description": "Placering: Svaneke\nNational cykelrute 10\nÅbningsperiode:  Åbent", "municipality": "Bornholm", "source": "FindToilet"}}, {"type": "Feature", "geometry": {"type": "Point", "coordinates": [14.755146, 55.27939]}, "properties": {"id": 461, "name": "Sænevej 19, Hammerhavn", "city": "Allinge", "postalcode": 3770.0, "type": "Handicap", "accessible": 1, "payment": "Nej", "changing_table": "Ved ikke", "water": "Ja", "description": "Placering: Ved siden af caféen ved Hammerhavn.", "municipality": "Bornholm", "source": "FindToilet"}}, {"type": "Feature", "geometry": {"type": "Point", "coordinates": [14.790119, 55.055612]}, "properties": {"id": 475, "name": "Søndre Landevej 18B", "city": "Åkirkeby", "postalcode": 3720.0, "type": "Handicap", "accessible": 1, "payment": "Nej", "changing_table": "Ja", "water": "Ja", "description": "Placering: rasteplads på Søndre Landevej.\nÅbningsperiode: lukket fra 1. nov. -31. april.", "municipality": "Bornholm", "source": "FindToilet"}}, {"type": "Feature", "geometry": {"type": "Point", "coordinates": [14.846494, 55.042816]}, "properties": {"id": 474, "name": "Søndre Landevej 86A", "city": "Åkirkeby", "postalcode": 3720.0, "type": "Handicap", "accessible": 1, "payment": "Nej", "changing_table": "Nej", "water": "Ja", "description": "Placering: ved rastepladsen.\nÅbningsperiode: fra uge 14 til 42.", "municipality": "Bornholm", "source": "FindToilet"}}, {"type": "Feature", "geometry": {"type": "Point", "coordinates": [14.884614, 55.226864]}, "properties": {"id": 409, "name": "Søndre Strandvej 144C", "city": "Gudhjem", "postalcode": 3760.0, "type": "Handicap", "accessible": 1, "payment": "Nej", "changing_table": "Ja", "water": "Ja", "description": "Placering: Rasteplads ved Døndalen i Rø.\nÅbningsperiode: hele året.", "municipality": "Bornholm", "source": "FindToilet"}}, {"type": "Feature", "geometry": {"type": "Point", "coordinates": [14.707516, 55.212122]}, "properties": {"id": 437, "name": "Teglkåsvej 3", "city": "Hasle", "postalcode": 3790.0, "type": "Handicap", "accessible": 1, "payment": "Nej", "changing_table": "Nej", "water": "Ja", "description": "Placering: Helligpeder Havn.\nÅbningsperiode: fra uge 14 til 42.", "municipality": "Bornholm", "source": "FindToilet"}}, {"type": "Feature", "geometry": {"type": "Point", "coordinates": [14.712379, 55.222799]}, "properties": {"id": 436, "name": "Teglkåsvej 64A", "city": "Hasle", "postalcode": 3790.0, "type": "Handicap", "accessible": 1, "payment": "Nej", "changing_table": "Nej", "water": "Ja", "description": "Placering: Teglkås Havn.\nÅbningsperiode: hele året.", "municipality": "Bornholm", "source": "FindToilet"}}, {"type": "Feature", "geometry": {"type": "Point", "coordinates": [15.133183, 55.06218]}, "properties": {"id": 711, "name": "Toldbodvej 3", "city": "Nexø", "postalcode": 3730.0, "type": "Handicap", "accessible": 1, "payment": "Nej", "changing_table": "Ja", "water": "Ja", "description": "Placering Nexø parkeringsplads\nNational cykelrute 10\nÅbningsperiode: Åbent", "municipality": "Bornholm", "source": "FindToilet"}}, {"type": "Feature", "geometry": {"type": "Point", "coordinates": [15.131327, 55.063603]}, "properties": {"id": 421, "name": "Torvet 15", "city": "Nexø", "postalcode": 3730.0, "type": "Handicap", "accessible": 1, "payment": "Nej", "changing_table": "Ja", "water": "Ja", "description": "Placering: P-plads ved torvet.\nÅbningsperiode: hele året.\nÅbningstider: Dørlås med ur. Fra 1. maj til 1 okt. kl. 7:00 - 22:00.\n1. okt. til 1. maj kl. 7:00 - 19:00.", "municipality": "Bornholm", "source": "FindToilet"}}, {"type": "Feature", "geometry": {"type": "Point", "coordinates": [14.822759, 55.10643]}, "properties": {"id": 692, "name": "Vestermarievej 36C", "city": "Rønne", "postalcode": 3700.0, "type": "Handicap", "accessible": 1, "payment": "Nej", "changing_table": "Ja", "water": "Ja", "description": "Placering:Vestermarie by\nRegional cykelrute 22\nÅbningsperiode: Åbent", "municipality": "Bornholm", "source": "FindToilet"}}, {"type": "Feature", "geometry": {"type": "Point", "coordinates": [15.139517, 55.1388]}, "properties": {"id": 429, "name": "Vigehavnen 1", "city": "Svaneke", "postalcode": 3740.0, "type": "Handicap", "accessible": 1, "payment": "Nej", "changing_table": "Nej", "water": "Ja", "description": "Placering: Vigehavn, Svaneke.\nÅbningsperiode: fra uge 14 til 42.", "municipality": "Bornholm", "source": "FindToilet"}}, {"type": "Feature", "geometry": {"type": "Point", "coordinates": [14.964837, 55.164095]}, "properties": {"id": 710, "name": "Vinkelvej 17", "city": "Gudhjem", "postalcode": 3760.0, "type": "Handicap", "accessible": 1, "payment": "Nej", "changing_table": "Ja", "water": "Ja", "description": "Placering Østerlars\nRegional cykelrute 25\nÅbningsperiode:  Åbent", "municipality": "Bornholm", "source": "FindToilet"}}, {"type": "Feature", "geometry": {"type": "Point", "coordinates": [14.99184, 55.009916]}, "properties": {"id": 720, "name": "Østre Sømarksvej 10c", "city": "Åkirkeby", "postalcode": 3720.0, "type": "Handicap", "accessible": 1, "payment": "Nej", "changing_table": "Ja", "water": "Ja", "description": "Placering: Pedersker\nNational cykelrute 10\nÅbningsperiode:  Åbent", "municipality": "Bornholm", "source": "FindToilet"}}, {"type": "Feature", "geometry": {"type": "Point", "coordinates": [14.989268, 55.000351]}, "properties": {"id": 467, "name": "Østre Sømarksvej 31B", "city": "Åkirkeby", "postalcode": 3720.0, "type": "Handicap", "accessible": 1, "payment": "Nej", "changing_table": "Ja", "water": "Ja", "description": "Placering: Bakkerne bådehavn.\nÅbningsperiode: lukket fra 1. nov. -31. april.", "municipality": "Bornholm", "source": "FindToilet"}}, {"type": "Feature", "geometry": {"type": "Point", "coordinates": [14.748731, 55.084252]}, "properties": {"id": 396, "name": "Åkirkebyvej 192B", "city": "Rønne", "postalcode": 3700.0, "type": "Handicap", "accessible": 1, "payment": "Nej", "changing_table": "Nej", "water": "Ja", "description": "Placering: Rasteplads ved Robbedale.\nÅbningsperiode: hele året.", "municipality": "Bornholm", "source": "FindToilet"}}, {"type": "Feature", "geometry": {"type": "Point", "coordinates": [15.149261, 55.094849]}, "properties": {"id": 422, "name": "Aarsdalevej 24", "city": "Nexø", "postalcode": 3730.0, "type": "Handicap", "accessible": 1, "payment": "Nej", "changing_table": "Ja", "water": "Ja", "description": "Placering: Rasteplads ved Bavnet, Nørremark.\nÅbningsperiode: hele året.", "municipality": "Bornholm", "source": "FindToilet"}}, {"type": "Feature", "geometry": {"type": "Point", "coordinates": [14.90447, 55.023133]}, "properties": {"id": 472, "name": "Boderne 4", "city": "Åkirkeby", "postalcode": 3720.0, "type": "Unisex", "accessible": 0, "payment": "Nej", "changing_table": "Ja", "water": "Ja", "description": "Placering: Boderne Havn.\nÅbningsperiode: lukket fra 1. nov. -31. april.", "municipality": "Bornholm", "source": "FindToilet"}}, {"type": "Feature", "geometry": {"type": "Point", "coordinates": [14.907712, 55.023219]}, "properties": {"id": 473, "name": "Boderne 6B", "city": "Åkirkeby", "postalcode": 3720.0, "type": "Unisex", "accessible": 0, "payment": "Nej", "changing_table": "Nej", "water": "Ja", "description": "Placering: P-plads ved Boderne.\nÅbningsperiode: fra uge 14 til 42.", "municipality": "Bornholm", "source": "FindToilet"}}, {"type": "Feature", "geometry": {"type": "Point", "coordinates": [14.981484, 55.201799]}, "properties": {"id": 417, "name": "Bækken 2B", "city": "Gudhjem", "postalcode": 3760.0, "type": "Unisex", "accessible": 0, "payment": "Nej", "changing_table": "Nej", "water": "Ja", "description": "Placering: Melsted strand.\nÅbningsperiode: fra uge 14 til 42.", "municipality": "Bornholm", "source": "FindToilet"}}, {"type": "Feature", "geometry": {"type": "Point", "coordinates": [15.076791, 55.154386]}, "properties": {"id": 464, "name": "Bølshavn 19B", "city": "Svaneke", "postalcode": 3740.0, "type": "Unisex", "accessible": 0, "payment": "Nej", "changing_table": "Nej", "water": "Ja", "description": "Placering: Bølshavn Havn.\nÅbningsperiode: lukket fra 1. nov. - 31. april.", "municipality": "Bornholm", "source": "FindToilet"}}, {"type": "Feature", "geometry": {"type": "Point", "coordinates": [14.832264, 55.188255]}, "properties": {"id": 462, "name": "Dammegårdsvej 3", "city": "Klemensker", "postalcode": 3782.0, "type": "Unisex", "accessible": 0, "payment": "Nej", "changing_table": "Nej", "water": "Nej", "description": "Placering P-plads ved Dammegårdsvej, Kleven.", "municipality": "Bornholm", "source": "FindToilet"}}, {"type": "Feature", "geometry": {"type": "Point", "coordinates": [14.715183, 55.171805]}, "properties": {"id": 403, "name": "Fælledvej 65", "city": "Hasle", "postalcode": 3790.0, "type": "Unisex", "accessible": 0, "payment": "Nej", "changing_table": "Nej", "water": "Nej", "description": "Placering: Shelterplads i Hasle lystskov. (tørkloset) ca. 200 m. fra Fælledvej.", "municipality": "Bornholm", "source": "FindToilet"}}, {"type": "Feature", "geometry": {"type": "Point", "coordinates": [14.700378, 55.088809]}, "properties": {"id": 1002, "name": "Galøkken strand", "city": "Rønne", "postalcode": 3700.0, "type": "Unisex", "accessible": 0, "payment": "Nej", "changing_table": "Ja", "water": "Ja", "description": "Placering: Ved Galøkken strand\nÅbningsperiode: Åbent", "municipality": "Bornholm", "source": "FindToilet"}}, {"type": "Feature", "geometry": {"type": "Point", "coordinates": [14.962008, 55.005186]}, "properties": {"id": 471, "name": "Gedebakkevej 8", "city": "Åkirkeby", "postalcode": 3720.0, "type": "Unisex", "accessible": 0, "payment": "Nej", "changing_table": "Nej", "water": "Ja", "description": "Placering: P-plads ved Gedebakke Odde.\nÅbningsperiode: fra uge 14 til 42.", "municipality": "Bornholm", "source": "FindToilet"}}, {"type": "Feature", "geometry": {"type": "Point", "coordinates": [14.968086, 55.208258]}, "properties": {"id": 414, "name": "Gråmyrvej 11", "city": "Gudhjem", "postalcode": 3760.0, "type": "Unisex", "accessible": 0, "payment": "Nej", "changing_table": "Nej", "water": "Ja", "description": "Placering: WC-kabine ved Holkadalen.\nÅbningsperiode: fra uge 14 til 42.", "municipality": "Bornholm", "source": "FindToilet"}}, {"type": "Feature", "geometry": {"type": "Point", "coordinates": [14.797003, 55.280977]}, "properties": {"id": 480, "name": "Havnegade 38B", "city": "Allinge", "postalcode": 3770.0, "type": "Unisex", "accessible": 0, "payment": "Nej", "changing_table": "Nej", "water": "Nej", "description": "Placering: Kampeløkkehavn.", "municipality": "Bornholm", "source": "FindToilet"}}, {"type": "Feature", "geometry": {"type": "Point", "coordinates": [14.704558, 55.18732]}, "properties": {"id": 435, "name": "Havnen 23", "city": "Hasle", "postalcode": 3790.0, "type": "Unisex", "accessible": 0, "payment": "Nej", "changing_table": "Nej", "water": "Ja", "description": "Placering: Hasle Havn, servicebygning. Ved siden af Hasle Havnegrill.\nÅbningsperiode: hele året.", "municipality": "Bornholm", "source": "FindToilet"}}, {"type": "Feature", "geometry": {"type": "Point", "coordinates": [14.703062, 55.184491]}, "properties": {"id": 434, "name": "Havnen 7", "city": "Hasle", "postalcode": 3790.0, "type": "Unisex", "accessible": 0, "payment": "Nej", "changing_table": "Nej", "water": "Ja", "description": "Placering: Hasle havn ved havnekajen, på modsatte side af siloen.\nÅbningsperiode: hele året.", "municipality": "Bornholm", "source": "FindToilet"}}, {"type": "Feature", "geometry": {"type": "Point", "coordinates": [14.706112, 55.147502]}, "properties": {"id": 420, "name": "Havvej, Sorthat", "city": "Rønne", "postalcode": 3700.0, "type": "Unisex", "accessible": 0, "payment": "Nej", "changing_table": "Nej", "water": "Nej", "description": "Placering: Tørkloset, P-plads ved Havvej.\nÅbningsperiode: hele året.", "municipality": "Bornholm", "source": "FindToilet"}}, {"type": "Feature", "geometry": {"type": "Point", "coordinates": [14.971114, 55.208487]}, "properties": {"id": 415, "name": "Helligdomsvej", "city": "Gudhjem", "postalcode": 3770.0, "type": "Unisex", "accessible": 0, "payment": "Nej", "changing_table": "Ja", "water": "Ja", "description": "Placering: P-plads ved tankstation F24.\nÅbningsperiode: hele året.", "municipality": "Bornholm", "source": "FindToilet"}}, {"type": "Feature", "geometry": {"type": "Point", "coordinates": [14.897812, 55.222681]}, "properties": {"id": 410, "name": "Helligdomsvej 16", "city": "Gudhjem", "postalcode": 3760.0, "type": "Unisex", "accessible": 0, "payment": "Nej", "changing_table": "Nej", "water": "Ja", "description": "Placering: Rasteplads ved Bornholmerpladsen i Rø.\nÅbningsperiode: fra uge 14 til 42.", "municipality": "Bornholm", "source": "FindToilet"}}, {"type": "Feature", "geometry": {"type": "Point", "coordinates": [15.11858, 55.026101]}, "properties": {"id": 449, "name": "Hovedgade 12, Snogebæk", "city": "Nexø", "postalcode": 3730.0, "type": "Unisex", "accessible": 0, "payment": "Nej", "changing_table": "Nej", "water": "Ja", "description": "Placering: ved Folkets Hus i Snogebæk.", "municipality": "Bornholm", "source": "FindToilet"}}, {"type": "Feature", "geometry": {"type": "Point", "coordinates": [14.834421, 55.075278]}, "properties": {"id": 478, "name": "Jernbanevej 2, Lobbæk", "city": "Åkirkeby", "postalcode": 3720.0, "type": "Unisex", "accessible": 0, "payment": "Nej", "changing_table": "Nej", "water": "Ja", "description": "Placering: I forbindelse med Lobbæk Medborgerhus.\nÅbningsperiode: fra uge 14 til 42.", "municipality": "Bornholm", "source": "FindToilet"}}, {"type": "Feature", "geometry": {"type": "Point", "coordinates": [14.705974, 55.160482]}, "properties": {"id": 428, "name": "Levkavej 6B", "city": "Hasle", "postalcode": 3790.0, "type": "Unisex", "accessible": 0, "payment": "Nej", "changing_table": "Nej", "water": "Nej", "description": "Placering: Tørkloset, P-plads ved Levkavej.\nÅbningsperiode: hele året.", "municipality": "Bornholm", "source": "FindToilet"}}, {"type": "Feature", "geometry": {"type": "Point", "coordinates": [14.806483, 55.272439]}, "properties": {"id": 454, "name": "Løsebækgade 13", "city": "Allinge", "postalcode": 3770.0, "type": "Unisex", "accessible": 0, "payment": "Nej", "changing_table": "Nej", "water": "Ja", "description": "Placering: ved Næs Badestrand.\nÅbningsperiode: lukket fra 1. nov. - 31. april.", "municipality": "Bornholm", "source": "FindToilet"}}, {"type": "Feature", "geometry": {"type": "Point", "coordinates": [15.106134, 55.146848]}, "properties": {"id": 444, "name": "Mor Markers Gænge 4, Listed", "city": "Svaneke", "postalcode": 3740.0, "type": "Unisex", "accessible": 0, "payment": "Nej", "changing_table": "Nej", "water": "Ja", "description": "Placering: Høl strand, Listed.\nÅbningsperiode: fra uge 14 til 42.", "municipality": "Bornholm", "source": "FindToilet"}}, {"type": "Feature", "geometry": {"type": "Point", "coordinates": [14.893059, 55.223256]}, "properties": {"id": 463, "name": "Otto Bruuns Plads 1", "city": "Gudhjem", "postalcode": 3760.0, "type": "Unisex", "accessible": 0, "payment": "Nej", "changing_table": "Ved ikke", "water": "Ja", "description": "Placering: Ved Bornholms Kunstmuseum.", "municipality": "Bornholm", "source": "FindToilet"}}, {"type": "Feature", "geometry": {"type": "Point", "coordinates": [14.992559, 55.029615]}, "properties": {"id": 425, "name": "Pedersker Hovedgade 38", "city": "Åkirkeby", "postalcode": 3720.0, "type": "Unisex", "accessible": 0, "payment": "Nej", "changing_table": "Nej", "water": "Ja", "description": "Placering: Pedersker By ved busstoppested.\nÅbningsperiode: hele året.", "municipality": "Bornholm", "source": "FindToilet"}}, {"type": "Feature", "geometry": {"type": "Point", "coordinates": [15.144753, 55.136791]}, "properties": {"id": 430, "name": "Peter F. Heerings Gade 3", "city": "Svaneke", "postalcode": 3740.0, "type": "Unisex", "accessible": 0, "payment": "Nej", "changing_table": "Nej", "water": "Ja", "description": "Placering: Svaneke Havn.\nÅbningsperiode: hele året.", "municipality": "Bornholm", "source": "FindToilet"}}, {"type": "Feature", "geometry": {"type": "Point", "coordinates": [15.037121, 55.165434]}, "properties": {"id": 481, "name": "Randkløvevej 26", "city": "Østermarie", "postalcode": 3751.0, "type": "Unisex", "accessible": 0, "payment": "Nej", "changing_table": "Nej", "water": "Nej", "description": "Placering: Tørkloset ved P-plads til Randkløve Skår.\nÅbningsperiode: fra uge 14 til 42.", "municipality": "Bornholm", "source": "FindToilet"}}, {"type": "Feature", "geometry": {"type": "Point", "coordinates": [14.736544, 55.242488]}, "properties": {"id": 439, "name": "Ringedalsvej 12A", "city": "Hasle", "postalcode": 3790.0, "type": "Unisex", "accessible": 0, "payment": "Nej", "changing_table": "Nej", "water": "Nej", "description": "Placering: Tørkloset ved Ringebakkerne.", "municipality": "Bornholm", "source": "FindToilet"}}, {"type": "Feature", "geometry": {"type": "Point", "coordinates": [14.913305, 55.072563]}, "properties": {"id": 451, "name": "Rønnevej 2A", "city": "Åkirkeby", "postalcode": 3720.0, "type": "Unisex", "accessible": 0, "payment": "Nej", "changing_table": "Ja", "water": "Ja", "description": "Placering: Busterminalen.\nÅbningsperiode: hele året.\nÅbningstider: Dørlås med ur. Fra 1. maj til 1. okt. kl. 7:00 - 22:00.\n1. okt. til 1. maj kl. 7:00 - 19:00.", "municipality": "Bornholm", "source": "FindToilet"}}, {"type": "Feature", "geometry": {"type": "Point", "coordinates": [14.776513, 55.289918]}, "properties": {"id": 405, "name": "Sandlinien 28", "city": "Allinge", "postalcode": 3770.0, "type": "Unisex", "accessible": 0, "payment": "Nej", "changing_table": "Ja", "water": "Ja", "description": "Placering: Sandvig strand.\nÅbningsperiode: hele året.", "municipality": "Bornholm", "source": "FindToilet"}}, {"type": "Feature", "geometry": {"type": "Point", "coordinates": [15.108883, 55.03533]}, "properties": {"id": 447, "name": "Sandstien 7, Balka", "city": "Nexø", "postalcode": 3730.0, "type": "Unisex", "accessible": 0, "payment": "Nej", "changing_table": "Ja", "water": "Ja", "description": "Placering: Balka strand.\nÅbningsperiode: fra uge 14 til 42.", "municipality": "Bornholm", "source": "FindToilet"}}, {"type": "Feature", "geometry": {"type": "Point", "coordinates": [15.151809, 55.131354]}, "properties": {"id": 432, "name": "Skovgade 36", "city": "Svaneke", "postalcode": 3740.0, "type": "Unisex", "accessible": 0, "payment": "Nej", "changing_table": "Nej", "water": "Ja", "description": "Placering: Hullehavn, ved 'Syd-Øst for Paradis'.\nÅbningsperiode: fra uge 14 til 42.", "municipality": "Bornholm", "source": "FindToilet"}}, {"type": "Feature", "geometry": {"type": "Point", "coordinates": [15.086755, 54.995435]}, "properties": {"id": 466, "name": "Skrokkegårdsvejen 14, Dueodde", "city": "Nexø", "postalcode": 3730.0, "type": "Unisex", "accessible": 0, "payment": "Nej", "changing_table": "Nej", "water": "Ja", "description": "Placering: for enden af P-plads ved Dueodde vandrehjem.\nÅbningsperiode: fra uge 14 til 42.", "municipality": "Bornholm", "source": "FindToilet"}}, {"type": "Feature", "geometry": {"type": "Point", "coordinates": [14.782668, 55.288728]}, "properties": {"id": 442, "name": "Strandpromenaden 20B, Sandvig", "city": "Allinge", "postalcode": 3770.0, "type": "Unisex", "accessible": 0, "payment": "Nej", "changing_table": "Ved ikke", "water": "Ja", "description": "Placering: Sandvig Havn.\nÅbningsperiode: hele året.", "municipality": "Bornholm", "source": "FindToilet"}}, {"type": "Feature", "geometry": {"type": "Point", "coordinates": [14.794199, 55.28313]}, "properties": {"id": 406, "name": "Strandvejen 2B", "city": "Allinge", "postalcode": 3770.0, "type": "Unisex", "accessible": 0, "payment": "Nej", "changing_table": "Nej", "water": "Ja", "description": "Placering: ved Danchels Løkke.\nÅbningsperiode: fra uge 14 til 42.", "municipality": "Bornholm", "source": "FindToilet"}}, {"type": "Feature", "geometry": {"type": "Point", "coordinates": [14.800169, 55.279363]}, "properties": {"id": 459, "name": "Sverigesvej 4", "city": "Allinge", "postalcode": 3770.0, "type": "Unisex", "accessible": 0, "payment": "Nej", "changing_table": "Nej", "water": "Ja", "description": "Placering: Allinge Havn.\nÅbningsperiode: fra uge 19 til 37.", "municipality": "Bornholm", "source": "FindToilet"}}, {"type": "Feature", "geometry": {"type": "Point", "coordinates": [15.133317, 55.062568]}, "properties": {"id": 448, "name": "Toldbodgade 2", "city": "Nexø", "postalcode": 3730.0, "type": "Unisex", "accessible": 0, "payment": "Nej", "changing_table": "Nej", "water": "Ja", "description": "Placering: ved Nexø Havnegrill. Toiletterne er under jorden.\nÅbningsperiode: fra uge 21 til 42.", "municipality": "Bornholm", "source": "FindToilet"}}, {"type": "Feature", "geometry": {"type": "Point", "coordinates": [15.037821, 54.995596]}, "properties": {"id": 468, "name": "Udegårdsvejen 20, Dueodde", "city": "Nexø", "postalcode": 3730.0, "type": "Unisex", "accessible": 0, "payment": "Nej", "changing_table": "Nej", "water": "Ved ikke", "description": "Placering: tørkloset, P-plads tæt ved stranden.\nÅbningsperiode: fra uge 23 til 35.", "municipality": "Bornholm", "source": "FindToilet"}}, {"type": "Feature", "geometry": {"type": "Point", "coordinates": [14.775937, 55.288695]}, "properties": {"id": 404, "name": "v/ Sandlinien 3", "city": "Allinge", "postalcode": 3770.0, "type": "Unisex", "accessible": 0, "payment": "Nej", "changing_table": "Nej", "water": "Ja", "description": "Placering: P-plads ved Sandvig Familiecamping.\nÅbningsperiode: fra uge 23 til 35.", "municipality": "Bornholm", "source": "FindToilet"}}, {"type": "Feature", "geometry": {"type": "Point", "coordinates": [14.736896, 55.248931]}, "properties": {"id": 440, "name": "Vang 133", "city": "Hasle", "postalcode": 3790.0, "type": "Unisex", "accessible": 0, "payment": "Nej", "changing_table": "Nej", "water": "Ja", "description": "Placering: Vang Havn.\nÅbningsperiode: hele året.", "municipality": "Bornholm", "source": "FindToilet"}}, {"type": "Feature", "geometry": {"type": "Point", "coordinates": [15.058131, 55.161447]}, "properties": {"id": 465, "name": "Ypnasted 15B", "city": "Østermarie", "postalcode": 3751.0, "type": "Unisex", "accessible": 0, "payment": "Nej", "changing_table": "Nej", "water": "Nej", "description": "Placering: Ypnasted P-plads.\nÅbningsperiode: hele året.", "municipality": "Bornholm", "source": "FindToilet"}}, {"type": "Feature", "geometry": {"type": "Point", "coordinates": [14.98525, 55.001072]}, "properties": {"id": 469, "name": "Ædjavejen 22B", "city": "Åkirkeby", "postalcode": 3720.0, "type": "Unisex", "accessible": 0, "payment": "Nej", "changing_table": "Nej", "water": "Ja", "description": "Placering: P-plads ved Ædjavejen, Østre Sømark.\nÅbningsperiode: fra uge 14 til 42.", "municipality": "Bornholm", "source": "FindToilet"}}, {"type": "Feature", "geometry": {"type": "Point", "coordinates": [15.002164, 55.089809]}, "properties": {"id": 747, "name": "Ølenevej", "city": "Åkirkeby", "postalcode": 3720.0, "type": "Unisex", "accessible": 0, "payment": "Nej", "changing_table": "Nej", "water": "Nej", "description": "Placering: Pedersker Jagthus, vejkrydset Ølenevej, Fårebakkevej og Jagtsporet.\nÅbningsperiode:  Åbent", "municipality": "Bornholm", "source": "FindToilet"}}, {"type": "Feature", "geometry": {"type": "Point", "coordinates": [14.993774, 55.047354]}, "properties": {"id": 470, "name": "Ølenevej 47, Pedersker", "city": "Åkirkeby", "postalcode": 3720.0, "type": "Unisex", "accessible": 0, "payment": "Nej", "changing_table": "Nej", "water": "Ja", "description": "Placering: I forlængelse med Smålyngsværket\nÅbningsperiode: lukket fra 1. nov. -31. april.", "municipality": "Bornholm", "source": "FindToilet"}}, {"type": "Feature", "geometry": {"type": "Point", "coordinates": [14.857002, 55.113932]}, "properties": {"id": 479, "name": "Ørningevej 4, Vestermarie", "city": "Rønne", "postalcode": 3700.0, "type": "Unisex", "accessible": 0, "payment": "Nej", "changing_table": "Nej", "water": "Ja", "description": "Placering: I forlængelse med skydehus i Vestermarie plantage.\nÅbningsperiode: fra uge 14 til 42.", "municipality": "Bornholm", "source": "FindToilet"}}, {"type": "Feature", "geometry": {"type": "Point", "coordinates": [12.615502, 56.038386]}, "properties": {"id": 964, "name": "Allegade 2", "city": "Helsingør", "postalcode": 3000.0, "type": "Handicap", "accessible": 1, "payment": "Nej", "changing_table": "Ja", "water": "Ja", "description": "Placering: gå til højre ved indgangen toiletter findes nede i kælderen.\nMandag      08:00 — 19:00\nTirsdag      08:00 — 19:00\nOnsdag      08:00 — 19:00\nTorsdag     08:00 — 19:00\nFredag\t 08:00 — 19:00\nLørdag\t10:00 — 17:00\nSøndag\t11:00 — 17:00", "municipality": "Helsingør", "source": "FindToilet"}}, {"type": "Feature", "geometry": {"type": "Point", "coordinates": [12.614258, 56.033914]}, "properties": {"id": 958, "name": "Havnepladsen 1", "city": "Helsingør", "postalcode": 3000.0, "type": "Handicap", "accessible": 1, "payment": "Nej", "changing_table": "Ja", "water": "Ja", "description": "", "municipality": "Helsingør", "source": "FindToilet"}}, {"type": "Feature", "geometry": {"type": "Point", "coordinates": [12.457399, 56.092806]}, "properties": {"id": 963, "name": "Havnevej 24C", "city": "Hornbæk", "postalcode": 3100.0, "type": "Handicap", "accessible": 1, "payment": "Nej", "changing_table": "Nej", "water": "Ja", "description": "Toiletterne findes bag kiosken.\nÅbningstider: 07-22:00", "municipality": "Helsingør", "source": "FindToilet"}}, {"type": "Feature", "geometry": {"type": "Point", "coordinates": [12.447428, 56.09188]}, "properties": {"id": 961, "name": "Kystvej 24", "city": "Hornbæk", "postalcode": 3100.0, "type": "Handicap", "accessible": 1, "payment": "Nej", "changing_table": "Nej", "water": "Ja", "description": "Toilettet er lukket i perioden fra 16. september til 30. april\nÅbningstider: 24/7", "municipality": "Helsingør", "source": "FindToilet"}}, {"type": "Feature", "geometry": {"type": "Point", "coordinates": [12.546931, 56.075906]}, "properties": {"id": 960, "name": "Nordre strandvej 148A", "city": "Ålsgårde", "postalcode": 3140.0, "type": "Handicap", "accessible": 1, "payment": "Nej", "changing_table": "Nej", "water": "Ja", "description": "Åbningstider: 07-22:00", "municipality": "Helsingør", "source": "FindToilet"}}, {"type": "Feature", "geometry": {"type": "Point", "coordinates": [12.463954, 56.092299]}, "properties": {"id": 962, "name": "Nordre Strandvej 300", "city": "Hornbæk", "postalcode": 3100.0, "type": "Handicap", "accessible": 1, "payment": "Nej", "changing_table": "Nej", "water": "Ja", "description": "Toilettet er Lukket i perioden 16. september til 30. april\nÅbningstider: 24/7", "municipality": "Helsingør", "source": "FindToilet"}}, {"type": "Feature", "geometry": {"type": "Point", "coordinates": [12.609783, 56.035683]}, "properties": {"id": 959, "name": "Stjernegade 21", "city": "Helsingør", "postalcode": 3000.0, "type": "Handicap", "accessible": 1, "payment": "Nej", "changing_table": "Nej", "water": "Ja", "description": "Åbningstider: 07:00-22:00", "municipality": "Helsingør", "source": "FindToilet"}}, {"type": "Feature", "geometry": {"type": "Point", "coordinates": [12.611687, 56.041329]}, "properties": {"id": 956, "name": "Strandpromenaden 8", "city": "Helsingør", "postalcode": 3000.0, "type": "Handicap", "accessible": 1, "payment": "Nej", "changing_table": "Nej", "water": "Ja", "description": "Åbningstider: 07-22:00", "municipality": "Helsingør", "source": "FindToilet"}}, {"type": "Feature", "geometry": {"type": "Point", "coordinates": [12.549627, 55.980492]}, "properties": {"id": 953, "name": "Gammel Strandvej 215D", "city": "Espergærde", "postalcode": 3060.0, "type": "Unisex", "accessible": 0, "payment": "Nej", "changing_table": "Ja", "water": "Ja", "description": "Toilettet er lukket i perioden 16. september til 30. april. normale åbningstider er fra 7:00-22:00", "municipality": "Helsingør", "source": "FindToilet"}}, {"type": "Feature", "geometry": {"type": "Point", "coordinates": [12.560657, 55.991903]}, "properties": {"id": 954, "name": "Strandvejen 167", "city": "Espergærde", "postalcode": 3060.0, "type": "Unisex", "accessible": 0, "payment": "Nej", "changing_table": "Nej", "water": "Ja", "description": "Toilettet er åbent perioden 1. maj til 14. september. det er åbent fra 7:00-22:00", "municipality": "Helsingør", "source": "FindToilet"}}, {"type": "Feature", "geometry": {"type": "Point", "coordinates": [12.587236, 56.00828]}, "properties": {"id": 957, "name": "Strandvejen 71E", "city": "Snekkersten", "postalcode": 3070.0, "type": "Unisex", "accessible": 0, "payment": "Nej", "changing_table": "Nej", "water": "Ja", "description": "Toilettet er lukket i perioden 16. september til 30. april.\nÅbningstider: 24/7", "municipality": "Helsingør", "source": "FindToilet"}}, {"type": "Feature", "geometry": {"type": "Point", "coordinates": [12.577854, 56.004348]}, "properties": {"id": 955, "name": "Strandvejen 89x", "city": "Snekkersten", "postalcode": 3070.0, "type": "Unisex", "accessible": 0, "payment": "Nej", "changing_table": "Nej", "water": "Ja", "description": "toilettet er lukket i perioden fra 16. september til 30. april\nÅbningstider: 24/7", "municipality": "Helsingør", "source": "FindToilet"}}, {"type": "Feature", "geometry": {"type": "Point", "coordinates": [12.559012, 55.674774]}, "properties": {"id": 1064, "name": "Vester Søgade 2A", "city": "København V", "postalcode": 1601.0, "type": "ChangingPlace", "accessible": 1, "payment": "Nej", "changing_table": "Ja", "water": "Ja", "description": "Placering: På Vester Søgade lige overfor Planetariet ligger en toiletbygning, som indeholder er særligt handicaptoilet forbeholdt borgere med bevægelseshandicap. Toilettet henstår aflåst, og man skal være i besiddelse af en Europa-nøgle for at kunne låse døren op. Har man ikke en nøgle kan man ansøge om en nøgle ved at henvende sig til Danske Handicaporganisationer, Brugerservice, som administrerer Europanøglen i Danmark. \nToilettet er opvarmet og indeholder toilet- og brusefaciliteter. Det er indrettet med heldækkende loftslift til personflytning (man skal selv medbringe sejl, sele o.l.), højdejusterbar omklædnings/bruseleje og ligeledes højdejusterbar håndvask og toilet. Toilettet har egen indgang og er et unisex toilet. \nÅbningstider: Døgnåbent. Helårsåbent.\nFotos er leveret af https://godadgang.dk/faktaark/toilet-paa-vester-soegade-17372, hvor der også findes yderligere oplysninger.", "municipality": "København", "source": "FindToilet"}}, {"type": "Feature", "geometry": {"type": "Point", "coordinates": [12.632197, 55.666373]}, "properties": {"id": 183, "name": "Amager Strandvej 11", "city": "København S", "postalcode": 2300.0, "type": "Handicap", "accessible": 1, "payment": "Ved ikke", "changing_table": "Ved ikke", "water": "Ved ikke", "description": "Placering: Park, Amager Strand, Søstjernen\nÅbningstider:\nÅbent fra 1. april til 30. september\nCa. 9.00 til 21:00\nÆndrede åbningstider Jul, Nytår, Corona m.m.: https://www.kk.dk/toiletter/", "municipality": "København", "source": "FindToilet"}}, {"type": "Feature", "geometry": {"type": "Point", "coordinates": [12.554053, 55.670445]}, "properties": {"id": 359, "name": "Absalonsgade 12", "city": "København V", "postalcode": 1658.0, "type": "Handicap", "accessible": 1, "payment": "Ved ikke", "changing_table": "Ved ikke", "water": "Ved ikke", "description": "Placering: Bemandet legeplads Skydebanehaven\nÅbningstider:\nmandag: Ca. 9.00 - 21.00 (19.00 om vinteren)\ntirsdag: Ca. 9.00 - 21.00 (19.00 om vinteren)\nonsdag: Ca. 9.00 - 21.00 (19.00 om vinteren)\ntorsdag: Ca. 9.00 - 21.00 (19.00 om vinteren)\nfredag: Ca. 9.00 - 21.00 (19.00 om vinteren)\nloerdag: Ca. 9.00 - 21.00 (19.00 om vinteren)\nsoendag: Ca. 9.00 - 21.00 (19.00 om vinteren)\ndoegnaabent: Nej\nbemaerkning: Sommersæson (maj til september) mandag-fredag kl. 9-18 og om lørdagen 10-17. I vintersæsonen (oktober-april) mandag til fredag kl. 9-17.\nÆndrede åbningstider Jul, Nytår, Corona m.m.: https://www.kk.dk/toiletter/", "municipality": "København", "source": "FindToilet"}}, {"type": "Feature", "geometry": {"type": "Point", "coordinates": [12.64934, 55.65453]}, "properties": {"id": 339, "name": "Amager Strand Promenaden 255", "city": "København S", "postalcode": 2300.0, "type": "Handicap", "accessible": 1, "payment": "Ved ikke", "changing_table": "Ved ikke", "water": "Ved ikke", "description": "Placering: Amager Strandpark, Strandpromenaden nord\nÅbningstider:\nhelaarsaabent: Ja\ndoegnaabent: Nej\nHøjsæson: 1. maj til 30. sep. Kl 8.00 til 22.00 alle ugens dage. Fra 1. juni til 31 august kl. 8.00 til 24.00 fredag, lørdag og søndag. Lavsæson: 1. okt til 30. april. Kl. 8.00 til 18.00 alle dage. Her er kun handicaptoilettet åbent. Handicaptoilet er helårsåbent.\nÆndrede åbningstider Jul, Nytår, Corona m.m.: https://www.kk.dk/toiletter/", "municipality": "København", "source": "FindToilet"}}, {"type": "Feature", "geometry": {"type": "Point", "coordinates": [12.638736, 55.648955]}, "properties": {"id": 182, "name": "Amager Strandvej 244", "city": "København S", "postalcode": 2300.0, "type": "Handicap", "accessible": 1, "payment": "Ved ikke", "changing_table": "Ved ikke", "water": "Ved ikke", "description": "Placering: Park, Amager Strandvej, Kastrup Fort\nÅbningstider:\nÅbent fra 1. april til 30. september\n9.00 til 21:00 (19.00 om vinteren)\nÆndrede åbningstider Jul, Nytår, Corona m.m.: https://www.kk.dk/toiletter/", "municipality": "København", "source": "FindToilet"}}, {"type": "Feature", "geometry": {"type": "Point", "coordinates": [12.612123, 55.651841]}, "properties": {"id": 62, "name": "Amagerbrogade 185", "city": "København S", "postalcode": 2300.0, "type": "Handicap", "accessible": 1, "payment": "Nej", "changing_table": "Ja", "water": "Ja", "description": "Placering: Gade, Sundbyøster Plads\nÅbningstider:\nHelårsåbent: ja\nDøgnåbent: Ja\nÆndrede åbningstider Jul, Nytår, Corona m.m.: https://www.kk.dk/toiletter/", "municipality": "København", "source": "FindToilet"}}, {"type": "Feature", "geometry": {"type": "Point", "coordinates": [12.548328, 55.70131]}, "properties": {"id": 198, "name": "Baldersgade 60", "city": "København N", "postalcode": 2200.0, "type": "Handicap", "accessible": 1, "payment": "Nej", "changing_table": "Ved ikke", "water": "Ved ikke", "description": "Placering: Gade, Balders Plads\nÅbningstider:\nÅbent fra 1. april til 30. september\nCa. 9.00 til 21:00\nÆndrede åbningstider Jul, Nytår, Corona m.m.: https://www.kk.dk/toiletter/", "municipality": "København", "source": "FindToilet"}}, {"type": "Feature", "geometry": {"type": "Point", "coordinates": [12.542855, 55.709717]}, "properties": {"id": 209, "name": "Bispebjerg Bakke 12", "city": "København NV", "postalcode": 2400.0, "type": "Handicap", "accessible": 1, "payment": "Nej", "changing_table": "Ved ikke", "water": "Ved ikke", "description": "Placering: Park, Lersøparken\nÅbningstider:\nÅbent fra 1. april til 30. september\nCa. 9.00 til 21:00\nÆndrede åbningstider Jul, Nytår, Corona m.m.: https://www.kk.dk/toiletter/", "municipality": "København", "source": "FindToilet"}}, {"type": "Feature", "geometry": {"type": "Point", "coordinates": [12.556422, 55.686436]}, "properties": {"id": 384, "name": "Blågårds Plads 11", "city": "København N", "postalcode": 2200.0, "type": "Handicap", "accessible": 1, "payment": "Nej", "changing_table": "Ved ikke", "water": "Ja", "description": "Placering: Gade, Blågårds Plads\nÅbningstider:\nHelårsåbent: ja\nDøgnåbent: Ja\nÆndrede åbningstider Jul, Nytår, Corona m.m.: https://www.kk.dk/toiletter/", "municipality": "København", "source": "FindToilet"}}, {"type": "Feature", "geometry": {"type": "Point", "coordinates": [12.583712, 55.682099]}, "properties": {"id": 298, "name": "Borgergade 1F", "city": "København K", "postalcode": 1300.0, "type": "Handicap", "accessible": 1, "payment": "Nej", "changing_table": "Ja", "water": "Ja", "description": "Placering: Gade, Borgergade\nÅbningstider:\nHelårsåbent: ja\nDøgnåbent: Ja\nÆndrede åbningstider Jul, Nytår, Corona m.m.: https://www.kk.dk/toiletter/", "municipality": "København", "source": "FindToilet"}}, {"type": "Feature", "geometry": {"type": "Point", "coordinates": [12.498597, 55.705752]}, "properties": {"id": 345, "name": "Brønshøj Kirkevej 8", "city": "Brønshøj", "postalcode": 2700.0, "type": "Handicap", "accessible": 1, "payment": "Ved ikke", "changing_table": "Ved ikke", "water": "Ved ikke", "description": "Placering: Brønshøj Kirkegård https://www.kk.dk/artikel/br%C3%B8nsh%C3%B8j-kirkeg%C3%A5rd-en-landsbyki...\nÅbningstider:\nmandag: 7.00 - 22.00 / 7.00 - 19.00\ntirsdag: 7.00 - 22.00 / 7.00 - 19.00\nonsdag: 7.00 - 22.00 / 7.00 - 19.00\ntorsdag: 7.00 - 22.00 / 7.00 - 19.00\nfredag: 7.00 - 22.00 / 7.00 - 19.00\nloerdag: 7.00 - 22.00 / 7.00 - 19.00\nsoendag: 7.00 - 22.00 / 7.00 - 19.00\ndoegnaabent: Nej\nbemaerkning: Vinterhalvåret (oktober-marts) 07:00-19:00 Sommerhalvåret (april-september) 07:00-22:00\nÆndrede åbningstider Jul, Nytår, Corona m.m.: https://www.kk.dk/toiletter/", "municipality": "København", "source": "FindToilet"}}, {"type": "Feature", "geometry": {"type": "Point", "coordinates": [12.59264, 55.670008]}, "properties": {"id": 174, "name": "Christianshavns Voldgade 36", "city": "København K", "postalcode": 1424.0, "type": "Handicap", "accessible": 1, "payment": "Ved ikke", "changing_table": "Ved ikke", "water": "Ved ikke", "description": "Placering: Bemandet legeplads Christianshavns Vold, Elefantens bastion\nÅbningstider:\nmandag: Ca. 9.00 - 21.00 (19.00 om vinteren)\ntirsdag: Ca. 9.00 - 21.00 (19.00 om vinteren)\nonsdag: Ca. 9.00 - 21.00 (19.00 om vinteren)\ntorsdag: Ca. 9.00 - 21.00 (19.00 om vinteren)\nfredag: Ca. 9.00 - 21.00 (19.00 om vinteren)\nloerdag: Ca. 9.00 - 21.00 (19.00 om vinteren)\nsoendag: Ca. 9.00 - 21.00 (19.00 om vinteren)\ndoegnaabent: Nej\nÆndrede åbningstider Jul, Nytår, Corona m.m.: https://www.kk.dk/toiletter/", "municipality": "København", "source": "FindToilet"}}, {"type": "Feature", "geometry": {"type": "Point", "coordinates": [12.592711, 55.669983]}, "properties": {"id": 677, "name": "Christianshavns Voldgade 36", "city": "København K", "postalcode": 1424.0, "type": "Handicap", "accessible": 1, "payment": "Nej", "changing_table": "Ved ikke", "water": "Ved ikke", "description": "Placering: Park, Christianshavns Vold, Elefantens bastion\nÅbningstider:\nmandag: Ca. 9.00 - 21.00 (19.00 om vinteren)\ntirsdag: Ca. 9.00 - 21.00 (19.00 om vinteren)\nonsdag: Ca. 9.00 - 21.00 (19.00 om vinteren)\ntorsdag: Ca. 9.00 - 21.00 (19.00 om vinteren)\nfredag: Ca. 9.00 - 21.00 (19.00 om vinteren)\nloerdag: Ca. 9.00 - 21.00 (19.00 om vinteren)\nsoendag: Ca. 9.00 - 21.00 (19.00 om vinteren)\ndoegnaabent: Nej\nÆndrede åbningstider Jul, Nytår, Corona m.m.: https://www.kk.dk/toiletter/", "municipality": "København", "source": "FindToilet"}}, {"type": "Feature", "geometry": {"type": "Point", "coordinates": [12.473101, 55.68157]}, "properties": {"id": 168, "name": "Damhusdæmningen 2a", "city": "Vanløse", "postalcode": 2720.0, "type": "Handicap", "accessible": 1, "payment": "Nej", "changing_table": "Ved ikke", "water": "Ved ikke", "description": "Placering: Park, Damhusdæmningen, v. kiosk\nÅbningstider:\nÅbent fra 1. april til 30. september\n9.00 til 21:00 (19.00 om vinteren)\nÆndrede åbningstider Jul, Nytår, Corona m.m.: https://www.kk.dk/toiletter/", "municipality": "København", "source": "FindToilet"}}, {"type": "Feature", "geometry": {"type": "Point", "coordinates": [12.565388, 55.700706]}, "properties": {"id": 191, "name": "Edel Sauntes Allé 18", "city": "København Ø", "postalcode": 2100.0, "type": "Handicap", "accessible": 1, "payment": "Nej", "changing_table": "Ved ikke", "water": "Ved ikke", "description": "Placering: Park, Fælledparken, Det røde toilet\nÅbningstider:\nÅbent fra 1. april til 30. september\n9.00 til 21:00 (19.00 om vinteren)\nHandicaptoilettet og pissoir er helårsåbent\nÆndrede åbningstider Jul, Nytår, Corona m.m.: https://www.kk.dk/toiletter/", "municipality": "København", "source": "FindToilet"}}, {"type": "Feature", "geometry": {"type": "Point", "coordinates": [12.565444, 55.704773]}, "properties": {"id": 193, "name": "Edel Sauntes Allé 25", "city": "København Ø", "postalcode": 2100.0, "type": "Handicap", "accessible": 1, "payment": "Nej", "changing_table": "Ved ikke", "water": "Ved ikke", "description": "Placering: Park, Fælledparken, dansepladsen\nÅbningstider:\nÅbent fra 1. april til 30. september\nCa. 9.00 til 21:00\nÆndrede åbningstider Jul, Nytår, Corona m.m.: https://www.kk.dk/toiletter/", "municipality": "København", "source": "FindToilet"}}, {"type": "Feature", "geometry": {"type": "Point", "coordinates": [12.541118, 55.667806]}, "properties": {"id": 179, "name": "Ejderstedgade 3", "city": "København V", "postalcode": 1761.0, "type": "Handicap", "accessible": 1, "payment": "Ved ikke", "changing_table": "Ved ikke", "water": "Ved ikke", "description": "Placering: Park, Enghaveparken\nÅbningstider:\nÅbent fra 1. april til 30. september\nCa. 9.00 til 21:00\nÆndrede åbningstider Jul, Nytår, Corona m.m.: https://www.kk.dk/toiletter/", "municipality": "København", "source": "FindToilet"}}, {"type": "Feature", "geometry": {"type": "Point", "coordinates": [12.480697, 55.691461]}, "properties": {"id": 50, "name": "Elna Munchs Plads 2", "city": "Vanløse", "postalcode": 2720.0, "type": "Handicap", "accessible": 1, "payment": "Nej", "changing_table": "Ja", "water": "Ja", "description": "Placering: Gade, Elna Munchs Plads\nÅbningstider:\nHelårsåbent: ja\nDøgnåbent: Ja\nÆndrede åbningstider Jul, Nytår, Corona m.m.: https://www.kk.dk/toiletter/", "municipality": "København", "source": "FindToilet"}}, {"type": "Feature", "geometry": {"type": "Point", "coordinates": [12.529522, 55.723012]}, "properties": {"id": 45, "name": "Emdrupvej 185", "city": "København NV", "postalcode": 2400.0, "type": "Handicap", "accessible": 1, "payment": "Nej", "changing_table": "Ja", "water": "Ja", "description": "Placering: Gade, Emdrup Torv\nÅbningstider:\nHelårsåbent: ja\nDøgnåbent: Ja\nÆndrede åbningstider Jul, Nytår, Corona m.m.: https://www.kk.dk/toiletter/", "municipality": "København", "source": "FindToilet"}}, {"type": "Feature", "geometry": {"type": "Point", "coordinates": [12.478322, 55.658138]}, "properties": {"id": 643, "name": "Engdals alle 20", "city": "Valby", "postalcode": 2500.0, "type": "Handicap", "accessible": 1, "payment": "Ved ikke", "changing_table": "Ved ikke", "water": "Ved ikke", "description": "Placering: Park, Vigerslevparken Syd\nÅbningstider:\nÅbent fra 1. april til 30. september\nCa. 9.00 til 21:00\nÆndrede åbningstider Jul, Nytår, Corona m.m.: https://www.kk.dk/toiletter/", "municipality": "København", "source": "FindToilet"}}, {"type": "Feature", "geometry": {"type": "Point", "coordinates": [12.480273, 55.669723]}, "properties": {"id": 180, "name": "Engdraget 24", "city": "Valby", "postalcode": 2500.0, "type": "Handicap", "accessible": 1, "payment": "Ved ikke", "changing_table": "Ved ikke", "water": "Ved ikke", "description": "Placering: Park, Vigerslevparken Nord\nÅbningstider:\nÅbent fra 1. april til 30. september\nCa. 9.00 til 21:00\nÆndrede åbningstider Jul, Nytår, Corona m.m.: https://www.kk.dk/toiletter/", "municipality": "København", "source": "FindToilet"}}, {"type": "Feature", "geometry": {"type": "Point", "coordinates": [12.545621, 55.667137]}, "properties": {"id": 68, "name": "Enghave Plads 13b", "city": "København V", "postalcode": 1670.0, "type": "Handicap", "accessible": 1, "payment": "Nej", "changing_table": "Ja", "water": "Ja", "description": "Placering: Gade, Enghave plads\nÅbningstider:\nCa. 9.00 til 22:00\nÆndrede åbningstider Jul, Nytår, Corona m.m.: https://www.kk.dk/toiletter/", "municipality": "København", "source": "FindToilet"}}, {"type": "Feature", "geometry": {"type": "Point", "coordinates": [12.602138, 55.65065]}, "properties": {"id": 186, "name": "Englandsvej 59B", "city": "København S", "postalcode": 2300.0, "type": "Handicap", "accessible": 1, "payment": "Ved ikke", "changing_table": "Ved ikke", "water": "Ved ikke", "description": "Placering: Park, Sundbyvesterparken\nÅbningstider:\nÅbent fra 1. april til 30. september\nCa. 9.00 til 21:00\nÆndrede åbningstider Jul, Nytår, Corona m.m.: https://www.kk.dk/toiletter/", "municipality": "København", "source": "FindToilet"}}, {"type": "Feature", "geometry": {"type": "Point", "coordinates": [12.514343, 55.716732]}, "properties": {"id": 206, "name": "Engsvinget 46", "city": "København NV", "postalcode": 2400.0, "type": "Handicap", "accessible": 1, "payment": "Nej", "changing_table": "Ved ikke", "water": "Ved ikke", "description": "Placering: Park, Engsvinget\nÅbningstider:\nÅbent fra 1. april til 30. september\nCa. 9.00 til 21:00\nÆndrede åbningstider Jul, Nytår, Corona m.m.: https://www.kk.dk/toiletter/", "municipality": "København", "source": "FindToilet"}}, {"type": "Feature", "geometry": {"type": "Point", "coordinates": [12.627403, 55.64952]}, "properties": {"id": 688, "name": "Formosavej 2", "city": "København S", "postalcode": 2300.0, "type": "Handicap", "accessible": 1, "payment": "Ved ikke", "changing_table": "Ved ikke", "water": "Ved ikke", "description": "Placering: Formosavej, trafiklegeplads\nÅbningstider:\nMandag: Ca. 9.00 - 21.00\nTirsdag: Ca. 9.00 - 21.00\nOnsdag: Ca. 9.00 - 21.00\nTorsdag: Ca. 9.00 - 21.00\nFredag: Ca. 9.00 - 21.00\nLørdag: Ca. 9.00 - 21.00\nSøndag: Ca. 9.00 - 21.00\nÆndrede åbningstider Jul, Nytår, Corona m.m.: https://www.kk.dk/toiletter/", "municipality": "København", "source": "FindToilet"}}, {"type": "Feature", "geometry": {"type": "Point", "coordinates": [12.569975, 55.697267]}, "properties": {"id": 636, "name": "Frederik V's Vej 4", "city": "København Ø", "postalcode": 2100.0, "type": "Handicap", "accessible": 1, "payment": "Ved ikke", "changing_table": "Ved ikke", "water": "Ved ikke", "description": "Placering: Bemandet legeplads Tårnlegepladsen, Fælledparken\nÅbningstider:\nmandag: Ca. 9.00 - 21.00 (19.00 om vinteren)\ntirsdag: Ca. 9.00 - 21.00 (19.00 om vinteren)\nonsdag: Ca. 9.00 - 21.00 (19.00 om vinteren)\ntorsdag: Ca. 9.00 - 21.00 (19.00 om vinteren)\nfredag: Ca. 9.00 - 21.00 (19.00 om vinteren)\nloerdag: Ca. 9.00 - 21.00 (19.00 om vinteren)\nsoendag: Ca. 9.00 - 21.00 (19.00 om vinteren)\ndoegnaabent: Nej\nbemaerkning: Toilettet er forbeholdt legepladsens gæster\nÆndrede åbningstider Jul, Nytår, Corona m.m.: https://www.kk.dk/toiletter/", "municipality": "København", "source": "FindToilet"}}, {"type": "Feature", "geometry": {"type": "Point", "coordinates": [12.531011, 55.714253]}, "properties": {"id": 347, "name": "Frederiksborgvej 123", "city": "København NV", "postalcode": 2400.0, "type": "Handicap", "accessible": 1, "payment": "Ved ikke", "changing_table": "Ved ikke", "water": "Ved ikke", "description": "Placering: Bispebjerg Kirkegård https://www.kk.dk/artikel/bispebjerg-kirkeg%C3%A5rd-i-nordvest\nÅbningstider:\nmandag: 7.00 - 22.00 / 7.00 - 19.00\ntirsdag: 7.00 - 22.00 / 7.00 - 19.00\nonsdag: 7.00 - 22.00 / 7.00 - 19.00\ntorsdag: 7.00 - 22.00 / 7.00 - 19.00\nfredag: 7.00 - 22.00 / 7.00 - 19.00\nloerdag: 7.00 - 22.00 / 7.00 - 19.00\nsoendag: 7.00 - 22.00 / 7.00 - 19.00\ndoegnaabent: Nej\nbemaerkning: Vinterhalvåret (oktober-marts) 07:00-19:00 Sommerhalvåret (april-september) 07:00-22:00\nÆndrede åbningstider Jul, Nytår, Corona m.m.: https://www.kk.dk/toiletter/", "municipality": "København", "source": "FindToilet"}}, {"type": "Feature", "geometry": {"type": "Point", "coordinates": [12.491398, 55.681302]}, "properties": {"id": 684, "name": "Grøndals Parkvej 125", "city": "Vanløse", "postalcode": 2720.0, "type": "Handicap", "accessible": 1, "payment": "Ved ikke", "changing_table": "Ved ikke", "water": "Ved ikke", "description": "Placering: Grøndalsparken, Arnestedet legeplads\nÅbningstider:\nÅbent fra 1. april til 30. september\nCa. 9.00 til 21:00\nÆndrede åbningstider Jul, Nytår, Corona m.m.: https://www.kk.dk/toiletter/", "municipality": "København", "source": "FindToilet"}}, {"type": "Feature", "geometry": {"type": "Point", "coordinates": [12.579486, 55.664694]}, "properties": {"id": 343, "name": "Gunløgsgade 26", "city": "København S", "postalcode": 2300.0, "type": "Handicap", "accessible": 1, "payment": "Ved ikke", "changing_table": "Ved ikke", "water": "Ved ikke", "description": "Placering: Gade, Gunløgsgade, legeplads\nÅbningstider:\nmandag: Ca. 9.00 - 21.00 (19.00 om vinteren)\ntirsdag: Ca. 9.00 - 21.00 (19.00 om vinteren)\nonsdag: Ca. 9.00 - 21.00 (19.00 om vinteren)\ntorsdag: Ca. 9.00 - 21.00 (19.00 om vinteren)\nfredag: Ca. 9.00 - 21.00 (19.00 om vinteren)\nloerdag: Ca. 9.00 - 21.00 (19.00 om vinteren)\nsoendag: Ca. 9.00 - 21.00 (19.00 om vinteren)\ndoegnaabent: Nej\nÆndrede åbningstider Jul, Nytår, Corona m.m.: https://www.kk.dk/toiletter/", "municipality": "København", "source": "FindToilet"}}, {"type": "Feature", "geometry": {"type": "Point", "coordinates": [12.570897, 55.704867]}, "properties": {"id": 344, "name": "Gunnar Nu Hansens Plads 10", "city": "København Ø", "postalcode": 2100.0, "type": "Handicap", "accessible": 1, "payment": "Ved ikke", "changing_table": "Ved ikke", "water": "Ved ikke", "description": "Placering: Bemandet legeplads Fælledparken, Trafiklegepladsen\nÅbningstider:\nmandag: Ca. 9.00 - 21.00 (19.00 om vinteren)\ntirsdag: Ca. 9.00 - 21.00 (19.00 om vinteren)\nonsdag: Ca. 9.00 - 21.00 (19.00 om vinteren)\ntorsdag: Ca. 9.00 - 21.00 (19.00 om vinteren)\nfredag: Ca. 9.00 - 21.00 (19.00 om vinteren)\nloerdag: Ca. 9.00 - 21.00 (19.00 om vinteren)\nsoendag: Ca. 9.00 - 21.00 (19.00 om vinteren)\ndoegnaabent: Nej\nbemaerkning: sommersæsonen (marts- oktober) hverdage kl. 9-17 og hver 3. lørdag kl. 10-17. I vintersæsonen (november-februar) hverdage 9-16 og en gang om måneden åbent lørdag 10-16.\nÆndrede åbningstider Jul, Nytår, Corona m.m.: https://www.kk.dk/toiletter/", "municipality": "København", "source": "FindToilet"}}, {"type": "Feature", "geometry": {"type": "Point", "coordinates": [12.561251, 55.670548]}, "properties": {"id": 67, "name": "Halmtorvet 12A", "city": "København V", "postalcode": 1700.0, "type": "Handicap", "accessible": 1, "payment": "Nej", "changing_table": "Ja", "water": "Ja", "description": "Placering: Gade, Halmtorvet\nÅbningstider: Ca. 9.00 til 22:00\nÆndrede åbningstider Jul, Nytår, Corona m.m.: https://www.kk.dk/toiletter/", "municipality": "København", "source": "FindToilet"}}, {"type": "Feature", "geometry": {"type": "Point", "coordinates": [12.519723, 55.640612]}, "properties": {"id": 177, "name": "Hammelstrupvej 114", "city": "København SV", "postalcode": 2450.0, "type": "Handicap", "accessible": 1, "payment": "Ved ikke", "changing_table": "Ved ikke", "water": "Ved ikke", "description": "Placering: Park, Valbyparken, ved Rosenhaven\nÅbningstider:\nÅbent fra 1. april til 30. september\nCa. 9.00 til 21:00\nÆndrede åbningstider Jul, Nytår, Corona m.m.: https://www.kk.dk/toiletter/", "municipality": "København", "source": "FindToilet"}}, {"type": "Feature", "geometry": {"type": "Point", "coordinates": [12.520163, 55.641763]}, "properties": {"id": 178, "name": "Hammelstrupvej 98", "city": "København SV", "postalcode": 2450.0, "type": "Handicap", "accessible": 1, "payment": "Ved ikke", "changing_table": "Ved ikke", "water": "Ved ikke", "description": "Placering: Park, Valbyparken, ved restaurant\nÅbningstider:\nÅbent fra 1. april til 30. september\nCa. 9.00 til 21:00\nÆndrede åbningstider Jul, Nytår, Corona m.m.: https://www.kk.dk/toiletter/", "municipality": "København", "source": "FindToilet"}}, {"type": "Feature", "geometry": {"type": "Point", "coordinates": [12.548019, 55.688641]}, "properties": {"id": 275, "name": "Hans Tavsens Gade 20", "city": "København N", "postalcode": 2200.0, "type": "Handicap", "accessible": 1, "payment": "Nej", "changing_table": "Ved ikke", "water": "Ved ikke", "description": "Placering: Park, Hans Tavsens Park\nÅbningstider:\nÅbent fra 1. april til 30. september\nCa. 9.00 til 21:00\nÆndrede åbningstider Jul, Nytår, Corona m.m.: https://www.kk.dk/toiletter/", "municipality": "København", "source": "FindToilet"}}, {"type": "Feature", "geometry": {"type": "Point", "coordinates": [12.647289, 55.648422]}, "properties": {"id": 338, "name": "Havkajakvej 14", "city": "København S", "postalcode": 2300.0, "type": "Handicap", "accessible": 1, "payment": "Ved ikke", "changing_table": "Ved ikke", "water": "Ved ikke", "description": "Placering: Amager Strandpark, Strandprominaden syd\nÅbningstider:\nhelaarsaabent: Ja\ndoegnaabent: Nej\nHøjsæson: 1. maj til 30. sep. Kl 8.00 til 22.00 alle ugens dage. Fra 1. juni til 31 august kl. 8.00 til 24.00 fredag, lørdag og søndag. Lavsæson: 1. okt til 30. april. Kl. 8.00 til 18.00 alle dage. Her er kun handicaptoilettet åbent. Handicaptoilet er helårsåbent.\nÆndrede åbningstider Jul, Nytår, Corona m.m.: https://www.kk.dk/toiletter/", "municipality": "København", "source": "FindToilet"}}, {"type": "Feature", "geometry": {"type": "Point", "coordinates": [12.588465, 55.676341]}, "properties": {"id": 47, "name": "Havnegade 20", "city": "København K", "postalcode": 1058.0, "type": "Handicap", "accessible": 1, "payment": "Nej", "changing_table": "Ja", "water": "Ja", "description": "Placering: Gade, Havnegade\nÅbningstider:\nHelårsåbent: ja\nDøgnåbent: Ja\nÆndrede åbningstider Jul, Nytår, Corona m.m.: https://www.kk.dk/toiletter/", "municipality": "København", "source": "FindToilet"}}, {"type": "Feature", "geometry": {"type": "Point", "coordinates": [12.542905, 55.688284]}, "properties": {"id": 861, "name": "Hiort Lorentzens Gade 10", "city": "København N", "postalcode": 2200.0, "type": "Handicap", "accessible": 1, "payment": "Nej", "changing_table": "Ved ikke", "water": "Ja", "description": "Placering: Nuuks Plads\nÅbningstider:\nhelaarsaabent: Ja\ndoegnaabent: Ja\nÆndrede åbningstider Jul, Nytår, Corona m.m.: https://www.kk.dk/toiletter/", "municipality": "København", "source": "FindToilet"}}, {"type": "Feature", "geometry": {"type": "Point", "coordinates": [12.522551, 55.705476]}, "properties": {"id": 482, "name": "Hulgårds Plads 4", "city": "København NV", "postalcode": 2400.0, "type": "Handicap", "accessible": 1, "payment": "Nej", "changing_table": "Ved ikke", "water": "Ja", "description": "Placering: Gade, Hulgårds Plads\nÅbningstider:\nHelårsåbent: ja\nDøgnåbent: Ja\nÆndrede åbningstider Jul, Nytår, Corona m.m.: https://www.kk.dk/toiletter/", "municipality": "København", "source": "FindToilet"}}, {"type": "Feature", "geometry": {"type": "Point", "coordinates": [12.471724, 55.711708]}, "properties": {"id": 46, "name": "Husum Torv 2", "city": "Brønshøj", "postalcode": 2700.0, "type": "Handicap", "accessible": 1, "payment": "Nej", "changing_table": "Ja", "water": "Ja", "description": "Placering: Gade, Husum Torv\nÅbningstider:\nHelårsåbent: ja\nDøgnåbent: Ja\nÆndrede åbningstider Jul, Nytår, Corona m.m.: https://www.kk.dk/toiletter/", "municipality": "København", "source": "FindToilet"}}, {"type": "Feature", "geometry": {"type": "Point", "coordinates": [12.510325, 55.707311]}, "properties": {"id": 211, "name": "Hyrdevangen 1", "city": "København NV", "postalcode": 2400.0, "type": "Handicap", "accessible": 1, "payment": "Ved ikke", "changing_table": "Ved ikke", "water": "Ved ikke", "description": "Placering: Park, Brønshøjparken\nÅbningstider:\nÅbent fra 1. april til 30. september\nCa. 9.00 til 21:00\nÆndrede åbningstider Jul, Nytår, Corona m.m.: https://www.kk.dk/toiletter/", "municipality": "København", "source": "FindToilet"}}, {"type": "Feature", "geometry": {"type": "Point", "coordinates": [12.578484, 55.668399]}, "properties": {"id": 188, "name": "Islands Brygge 12", "city": "København S", "postalcode": 2300.0, "type": "Handicap", "accessible": 1, "payment": "Ved ikke", "changing_table": "Ved ikke", "water": "Ved ikke", "description": "Placering: Gade, Islands Brygge, havneparken\nÅbningstider:\nÅbent fra 1. april til 30. september\nCa. 9.00 til 21:00\nÆndrede åbningstider Jul, Nytår, Corona m.m.: https://www.kk.dk/toiletter/", "municipality": "København", "source": "FindToilet"}}, {"type": "Feature", "geometry": {"type": "Point", "coordinates": [12.573933, 55.665352]}, "properties": {"id": 385, "name": "Islands Brygge 20B", "city": "København S", "postalcode": 2300.0, "type": "Handicap", "accessible": 1, "payment": "Nej", "changing_table": "Ved ikke", "water": "Ja", "description": "Placering: Gade, Islands Brygge\nÅbningstider:\nHelårsåbent: ja\nDøgnåbent: Ja\nÆndrede åbningstider Jul, Nytår, Corona m.m.: https://www.kk.dk/toiletter/", "municipality": "København", "source": "FindToilet"}}, {"type": "Feature", "geometry": {"type": "Point", "coordinates": [12.57598, 55.669141]}, "properties": {"id": 350, "name": "Kalvebod Brygge 3C", "city": "København V", "postalcode": 1560.0, "type": "Handicap", "accessible": 1, "payment": "Ved ikke", "changing_table": "Ved ikke", "water": "Ved ikke", "description": "Placering: Gade, Bølgen, Kalvebod Brygge\nÅbningstider:\nÅbent fra 1. april til 30. september\nCa. 9.00 til 21:00\nÆndrede åbningstider Jul, Nytår, Corona m.m.: https://www.kk.dk/toiletter/", "municipality": "København", "source": "FindToilet"}}, {"type": "Feature", "geometry": {"type": "Point", "coordinates": [12.553019, 55.689449]}, "properties": {"id": 139, "name": "Kapelvej 2", "city": "København N", "postalcode": 2200.0, "type": "Handicap", "accessible": 1, "payment": "Nej", "changing_table": "Ja", "water": "Ja", "description": "Placering: Assistens Kirkegård vest https://www.kk.dk/artikel/assistens-kirkeg%C3%A5rd-p%C3%A5-n%C3%B8rrebro\nÅbningstider:\nmandag: 7.00 - 22.00 / 7.00 - 19.00\ntirsdag: 7.00 - 22.00 / 7.00 - 19.00\nonsdag: 7.00 - 22.00 / 7.00 - 19.00\ntorsdag: 7.00 - 22.00 / 7.00 - 19.00\nfredag: 7.00 - 22.00 / 7.00 - 19.00\nloerdag: 7.00 - 22.00 / 7.00 - 19.00\nsoendag: 7.00 - 22.00 / 7.00 - 19.00\ndoegnaabent: Nej\nbemaerkning: Vinterhalvåret (oktober-marts) 07:00-19:00 Sommerhalvåret (april-september) 07:00-22:00\nÆndrede åbningstider Jul, Nytår, Corona m.m.: https://www.kk.dk/toiletter/", "municipality": "København", "source": "FindToilet"}}, {"type": "Feature", "geometry": {"type": "Point", "coordinates": [12.618216, 55.656695]}, "properties": {"id": 346, "name": "Kastrupvej 53", "city": "København S", "postalcode": 2300.0, "type": "Handicap", "accessible": 1, "payment": "Ved ikke", "changing_table": "Ved ikke", "water": "Ved ikke", "description": "Placering: Sundby Kirkegård, i Kapel https://www.kk.dk/artikel/sundby-kirkeg%C3%A5rd-p%C3%A5-amager\nÅbningstider:\nmandag: 7.00 - 22.00 / 7.00 - 19.00\ntirsdag: 7.00 - 22.00 / 7.00 - 19.00\nonsdag: 7.00 - 22.00 / 7.00 - 19.00\ntorsdag: 7.00 - 22.00 / 7.00 - 19.00\nfredag: 7.00 - 22.00 / 7.00 - 19.00\nloerdag: 7.00 - 22.00 / 7.00 - 19.00\nsoendag: 7.00 - 22.00 / 7.00 - 19.00\ndoegnaabent: Nej\nbemaerkning: Vinterhalvåret (oktober-marts) 07:00-19:00 Sommerhalvåret (april-september) 07:00-22:00\nÆndrede åbningstider Jul, Nytår, Corona m.m.: https://www.kk.dk/toiletter/", "municipality": "København", "source": "FindToilet"}}, {"type": "Feature", "geometry": {"type": "Point", "coordinates": [12.618588, 55.653986]}, "properties": {"id": 187, "name": "Kastrupvej 74", "city": "København S", "postalcode": 2300.0, "type": "Handicap", "accessible": 1, "payment": "Ved ikke", "changing_table": "Ved ikke", "water": "Ved ikke", "description": "Placering: Park, Filipsparken\nÅbningstider:\nÅbent fra 1. april til 30. september\nCa. 9.00 til 21:00\nÆndrede åbningstider Jul, Nytår, Corona m.m.: https://www.kk.dk/toiletter/", "municipality": "København", "source": "FindToilet"}}, {"type": "Feature", "geometry": {"type": "Point", "coordinates": [12.575451, 55.679984]}, "properties": {"id": 66, "name": "Kejsergade 2", "city": "København K", "postalcode": 1155.0, "type": "Handicap", "accessible": 1, "payment": "Nej", "changing_table": "Ja", "water": "Ja", "description": "Placering: Gade, Grå Brødre Torv\nÅbningstider:\nHelårsåbent: ja\nDøgnåbent: Ja\nÆndrede åbningstider Jul, Nytår, Corona m.m.: https://www.kk.dk/toiletter/", "municipality": "København", "source": "FindToilet"}}, {"type": "Feature", "geometry": {"type": "Point", "coordinates": [12.642967, 55.658322]}, "properties": {"id": 340, "name": "Kilometerbroen 3", "city": "København S", "postalcode": 2300.0, "type": "Handicap", "accessible": 1, "payment": "Ved ikke", "changing_table": "Ved ikke", "water": "Ved ikke", "description": "Placering: Amager Strandpark, Kilometerbroen\nÅbningstider:\nhelaarsaabent: Ja\ndoegnaabent: Nej\nHøjsæson: 1. maj til 30. sep. Kl 8.00 til 22.00 alle ugens dage. Fra 1. juni til 31 august kl. 8.00 til 24.00 fredag, lørdag og søndag. Lavsæson: 1. okt til 30. april. Kl. 8.00 til 18.00 alle dage. Her er kun handicaptoilettet åbent. Handicaptoilet er helårsåbent.\nÆndrede åbningstider Jul, Nytår, Corona m.m.: https://www.kk.dk/toiletter/", "municipality": "København", "source": "FindToilet"}}, {"type": "Feature", "geometry": {"type": "Point", "coordinates": [12.498832, 55.704191]}, "properties": {"id": 44, "name": "Krabbesholmvej 2", "city": "Brønshøj", "postalcode": 2700.0, "type": "Handicap", "accessible": 1, "payment": "Nej", "changing_table": "Ja", "water": "Ja", "description": "Placering: Gade, Brønshøj Torv\nÅbningstider:\nHelårsåbent: ja\nDøgnåbent: Ja\nÆndrede åbningstider Jul, Nytår, Corona m.m.: https://www.kk.dk/toiletter/", "municipality": "København", "source": "FindToilet"}}, {"type": "Feature", "geometry": {"type": "Point", "coordinates": [12.574019, 55.682303]}, "properties": {"id": 140, "name": "Kultorvet 9B", "city": "København K", "postalcode": 1175.0, "type": "Handicap", "accessible": 1, "payment": "Nej", "changing_table": "Ja", "water": "Ja", "description": "Placering: Gade, Kultorvet\nÅbningstider:\nHelårsåbent: ja\nDøgnåbent: Ja\nÆndrede åbningstider Jul, Nytår, Corona m.m.: https://www.kk.dk/toiletter/", "municipality": "København", "source": "FindToilet"}}, {"type": "Feature", "geometry": {"type": "Point", "coordinates": [12.576278, 55.666837]}, "properties": {"id": 746, "name": "Kulturhuset Islands Brygge 18", "city": "København S", "postalcode": 2300.0, "type": "Handicap", "accessible": 1, "payment": "Nej", "changing_table": "Ved ikke", "water": "Ja", "description": "Placering: Handicap toilettet tilgås via elevator.\nÅbningstider: https://kulturhusetislandsbrygge.kk.dk/", "municipality": "København", "source": "FindToilet"}}, {"type": "Feature", "geometry": {"type": "Point", "coordinates": [12.594692, 55.694604]}, "properties": {"id": 169, "name": "Langelinie 1", "city": "København Ø", "postalcode": 2100.0, "type": "Handicap", "accessible": 1, "payment": "Ved ikke", "changing_table": "Ved ikke", "water": "Ved ikke", "description": "Placering: Park, Langelinie, østlige ende af bro\nÅbningstider:\nÅbent fra 1. april til 30. september\nCa. 9.00 til 21:00\nÆndrede åbningstider Jul, Nytår, Corona m.m.: https://www.kk.dk/toiletter/", "municipality": "København", "source": "FindToilet"}}, {"type": "Feature", "geometry": {"type": "Point", "coordinates": [12.599197, 55.690616]}, "properties": {"id": 329, "name": "Langelinie 25", "city": "København Ø", "postalcode": 2100.0, "type": "Handicap", "accessible": 1, "payment": "Ved ikke", "changing_table": "Ved ikke", "water": "Ved ikke", "description": "Placering: Park, Langelinie, Hvidtfeldtmonumentet\nÅbningstider:\nÅbent fra 1. april til 30. september\n9.00 til 21:00 (19.00 om vinteren)\nÆndrede åbningstider Jul, Nytår, Corona m.m.: https://www.kk.dk/toiletter/", "municipality": "København", "source": "FindToilet"}}, {"type": "Feature", "geometry": {"type": "Point", "coordinates": [12.560245, 55.712948]}, "properties": {"id": 42, "name": "Lyngbyvej 90", "city": "København Ø", "postalcode": 2100.0, "type": "Handicap", "accessible": 1, "payment": "Nej", "changing_table": "Ja", "water": "Ja", "description": "Placering: Gade, Hans Knudsens Plads\nÅbningstider:\nHelårsåbent: ja\nDøgnåbent: Ja\nÆndrede åbningstider Jul, Nytår, Corona m.m.: https://www.kk.dk/toiletter/", "municipality": "København", "source": "FindToilet"}}, {"type": "Feature", "geometry": {"type": "Point", "coordinates": [12.551496, 55.66996]}, "properties": {"id": 332, "name": "Matthæusgade 8", "city": "København V", "postalcode": 1666.0, "type": "Handicap", "accessible": 1, "payment": "Nej", "changing_table": "Ved ikke", "water": "Ved ikke", "description": "Placering: Gade, Saxoparken\nÅbningstider:\nHelårsåbent: ja\nDøgnåbent: Ja\nÆndrede åbningstider Jul, Nytår, Corona m.m.: https://www.kk.dk/toiletter/", "municipality": "København", "source": "FindToilet"}}, {"type": "Feature", "geometry": {"type": "Point", "coordinates": [12.585572, 55.70355]}, "properties": {"id": 49, "name": "Melchiors Plads 8", "city": "København Ø", "postalcode": 2100.0, "type": "Handicap", "accessible": 1, "payment": "Nej", "changing_table": "Ja", "water": "Ja", "description": "Placering: Gade, Melchiors Plads\nÅbningstider:\nHelårsåbent: ja\nDøgnåbent: Ja\nÆndrede åbningstider Jul, Nytår, Corona m.m.: https://www.kk.dk/toiletter/", "municipality": "København", "source": "FindToilet"}}, {"type": "Feature", "geometry": {"type": "Point", "coordinates": [12.534678, 55.64871]}, "properties": {"id": 59, "name": "Mozarts Plads 1A", "city": "København SV", "postalcode": 2450.0, "type": "Handicap", "accessible": 1, "payment": "Nej", "changing_table": "Ja", "water": "Ja", "description": "Placering: Gade, Mozarts Plads\nÅbningstider:\nHelårsåbent: ja\nDøgnåbent: Ja\nÆndrede åbningstider Jul, Nytår, Corona m.m.: https://www.kk.dk/toiletter/", "municipality": "København", "source": "FindToilet"}}, {"type": "Feature", "geometry": {"type": "Point", "coordinates": [12.557286, 55.692105]}, "properties": {"id": 639, "name": "Møllegade 25c", "city": "København N", "postalcode": 2200.0, "type": "Handicap", "accessible": 1, "payment": "Ved ikke", "changing_table": "Ved ikke", "water": "Ved ikke", "description": "Placering: Bemandet legeplads Byoasen\nÅbningstider:\nmandag: Følger legepladsens åbningstider\ntirsdag: Følger legepladsens åbningstider\nonsdag: Følger legepladsens åbningstider\ntorsdag: Følger legepladsens åbningstider\nfredag: Følger legepladsens åbningstider\nloerdag: Følger legepladsens åbningstider\nsoendag: Følger legepladsens åbningstider\ndoegnaabent: Nej\nbemaerkning: Sommersæsonen (maj-oktober) mandag-fredag kl. 9.30-18 og søndag kl. 10-16. I vintersæsonen (november-februar) mandag -fredag 9.30-16 og 10-13 i weekenden. I mellemsæsonen (uge 10-17 + uge 40-43) mandag - fredag 9.30-16.30 og weekend 10-13.\nÆndrede åbningstider Jul, Nytår, Corona m.m.: https://www.kk.dk/toiletter/", "municipality": "København", "source": "FindToilet"}}, {"type": "Feature", "geometry": {"type": "Point", "coordinates": [12.54919, 55.699854]}, "properties": {"id": 683, "name": "Nannasgade 6", "city": "København N", "postalcode": 2200.0, "type": "Handicap", "accessible": 1, "payment": "Nej", "changing_table": "Ved ikke", "water": "Ved ikke", "description": "Placering: Park, BaNanna Park\nÅbningstider:\nhelaarsaabent: Ja\ndoegnaabent: Ja\nÆndrede åbningstider Jul, Nytår, Corona m.m.: https://www.kk.dk/toiletter/", "municipality": "København", "source": "FindToilet"}}, {"type": "Feature", "geometry": {"type": "Point", "coordinates": [12.587758, 55.680573]}, "properties": {"id": 12, "name": "Nyhavn 1F", "city": "København K", "postalcode": 1051.0, "type": "Handicap", "accessible": 1, "payment": "Nej", "changing_table": "Ja", "water": "Ja", "description": "Placering: Gade, Underjordisk Nyhavn\nDametoilet til højre og Herretoilet til venstre for Canal Tours\nÅbningstider:\n9.00-22.30 alle dage\nÆndrede åbningstider Jul, Nytår, Corona m.m.: https://www.kk.dk/toiletter/", "municipality": "København", "source": "FindToilet"}}, {"type": "Feature", "geometry": {"type": "Point", "coordinates": [12.475026, 55.696272]}, "properties": {"id": 357, "name": "Nørager Plads 23", "city": "Vanløse", "postalcode": 2720.0, "type": "Handicap", "accessible": 1, "payment": "Ved ikke", "changing_table": "Ved ikke", "water": "Ved ikke", "description": "Placering: Bemandet legeplads Nørager Plads\nÅbningstider:\nmandag: Følger legepladsens åbningstider\ntirsdag: Følger legepladsens åbningstider\nonsdag: Følger legepladsens åbningstider\ntorsdag: Følger legepladsens åbningstider\nfredag: Følger legepladsens åbningstider\nloerdag: Følger legepladsens åbningstider\nsoendag: Følger legepladsens åbningstider\ndoegnaabent: Nej\nbemaerkning: mandag-fredag: kl. 9.30-13 og lørdage i maj, juni og september kl. 13-16.\nÆndrede åbningstider Jul, Nytår, Corona m.m.: https://www.kk.dk/toiletter/", "municipality": "København", "source": "FindToilet"}}, {"type": "Feature", "geometry": {"type": "Point", "coordinates": [12.56125, 55.69137]}, "properties": {"id": 60, "name": "Nørre Allé 2", "city": "København N", "postalcode": 2200.0, "type": "Handicap", "accessible": 1, "payment": "Nej", "changing_table": "Ja", "water": "Ja", "description": "Placering: Gade, Sankt Hans Torv\nÅbningstider:\nHelårsåbent: ja\nDøgnåbent: Ja\nÆndrede åbningstider Jul, Nytår, Corona m.m.: https://www.kk.dk/toiletter/", "municipality": "København", "source": "FindToilet"}}, {"type": "Feature", "geometry": {"type": "Point", "coordinates": [12.564608, 55.680491]}, "properties": {"id": 342, "name": "Nørre Farimagsgade 2", "city": "København K", "postalcode": 1364.0, "type": "Handicap", "accessible": 1, "payment": "Ved ikke", "changing_table": "Ved ikke", "water": "Ved ikke", "description": "Placering: Bemandet legeplads Ørstedsparken\nÅbningstider:\nmandag: Følger legepladsens åbningstider\ntirsdag: Følger legepladsens åbningstider\nonsdag: Følger legepladsens åbningstider\ntorsdag: Følger legepladsens åbningstider\nfredag: Følger legepladsens åbningstider\nloerdag: Følger legepladsens åbningstider\nsoendag: Følger legepladsens åbningstider\ndoegnaabent: Nej\nbemaerkning: Legeplads med pædagogisk personale og aktivitetshus. Åbningstider: : I sommersæsonen (maj-september) 9-17 på hverdage og lørdag 10-17. I vintersæsonen (oktober-april) åbent herdage kl. 9-16.\nÆndrede åbningstider Jul, Nytår, Corona m.m.: https://www.kk.dk/toiletter/", "municipality": "København", "source": "FindToilet"}}, {"type": "Feature", "geometry": {"type": "Point", "coordinates": [12.56456, 55.680387]}, "properties": {"id": 171, "name": "Nørre Farimagsgade 2A", "city": "København K", "postalcode": 1364.0, "type": "Handicap", "accessible": 1, "payment": "Ved ikke", "changing_table": "Ved ikke", "water": "Ved ikke", "description": "Placering: Park, Ørstedsparken, tæt på legeplads\nÅbningstider:\nÅbent fra 1. april til 30. september\n9.00 til 21:00 (19.00 om vinteren)\nÆndrede åbningstider Jul, Nytår, Corona m.m.: https://www.kk.dk/toiletter/", "municipality": "København", "source": "FindToilet"}}, {"type": "Feature", "geometry": {"type": "Point", "coordinates": [12.571366, 55.683049]}, "properties": {"id": 212, "name": "Nørre Voldgade 15B", "city": "København K", "postalcode": 1358.0, "type": "Handicap", "accessible": 1, "payment": "Nej", "changing_table": "Ja", "water": "Ja", "description": "Placering: Gade, Nørreport station\nÅbningstider:\n8.00-22.00 alle dage\nÆndrede åbningstider Jul, Nytår, Corona m.m.: https://www.kk.dk/toiletter/\n6 unisex toiletter\n1 handicap toilet med egen indgang. Pr. 25.5.2022 nu også med personlift. Personalet yder ikke assistance.\n1 pissoir med egen indgang", "municipality": "København", "source": "FindToilet"}}, {"type": "Feature", "geometry": {"type": "Point", "coordinates": [12.618546, 55.654049]}, "properties": {"id": 678, "name": "Parmagade 45", "city": "København S", "postalcode": 2300.0, "type": "Handicap", "accessible": 1, "payment": "Nej", "changing_table": "Ved ikke", "water": "Ved ikke", "description": "Placering: Bemandet legeplads Filipsparken (Elba), legeplads\nÅbningstider:\nmandag: Følger legepladsens åbningstider\ntirsdag: Følger legepladsens åbningstider\nonsdag: Følger legepladsens åbningstider\ntorsdag: Følger legepladsens åbningstider\nfredag: Følger legepladsens åbningstider\nloerdag: Følger legepladsens åbningstider\nsoendag: Følger legepladsens åbningstider\ndoegnaabent: Nej\nbemaerkning: Sommersæson (maj til september) mandag-fredag kl. 9.30-18.00. I vintersæsonen (oktober-april) 9.30-16.30.\nÆndrede åbningstider Jul, Nytår, Corona m.m.: https://www.kk.dk/toiletter/", "municipality": "København", "source": "FindToilet"}}, {"type": "Feature", "geometry": {"type": "Point", "coordinates": [12.598081, 55.652713]}, "properties": {"id": 354, "name": "Peder Lykkes Vej 71", "city": "København S", "postalcode": 2300.0, "type": "Handicap", "accessible": 1, "payment": "Ved ikke", "changing_table": "Ved ikke", "water": "Ved ikke", "description": "Placering: Bemandet legeplads Remiseparken, Bondegårdslegepladsen\nÅbningstider:\nmandag: Følger legepladsens åbningstider\ntirsdag: Følger legepladsens åbningstider\nonsdag: Følger legepladsens åbningstider\ntorsdag: Følger legepladsens åbningstider\nfredag: Følger legepladsens åbningstider\nloerdag: Følger legepladsens åbningstider\nsoendag: Følger legepladsens åbningstider\ndoegnaabent: Nej\nbemaerkning: Sommersæson maj-sep (uge 18-39) mandag-fredag kl. 9.30-17.00, lørdag-søndag kl. 9.30-16.00. Vintersæson okt-april (uge 40-17) mandag-fredag kl. 9.30-17.00, lørdag-søndag kl. 9.30-16.00\nÆndrede åbningstider Jul, Nytår, Corona m.m.: https://www.kk.dk/toiletter/", "municipality": "København", "source": "FindToilet"}}, {"type": "Feature", "geometry": {"type": "Point", "coordinates": [12.570673, 55.703159]}, "properties": {"id": 195, "name": "Per Henrik Lings Allé 5", "city": "København Ø", "postalcode": 2100.0, "type": "Handicap", "accessible": 1, "payment": "Ved ikke", "changing_table": "Ved ikke", "water": "Ved ikke", "description": "Placering: Park, Fælledparken ved kiosk\nÅbningstider:\nÅbent fra 1. april til 30. september\nCa. 9.00 til 21:00\nÆndrede åbningstider Jul, Nytår, Corona m.m.: https://www.kk.dk/toiletter/", "municipality": "København", "source": "FindToilet"}}, {"type": "Feature", "geometry": {"type": "Point", "coordinates": [12.4864, 55.708825]}, "properties": {"id": 205, "name": "Pilesvinget 80", "city": "Brønshøj", "postalcode": 2700.0, "type": "Handicap", "accessible": 1, "payment": "Nej", "changing_table": "Ved ikke", "water": "Ved ikke", "description": "Placering: Park, Pilesvinget\nÅbningstider:\nÅbent fra 1. april til 30. september\n9.00 til 21:00 (19.00 om vinteren)\nÆndrede åbningstider Jul, Nytår, Corona m.m.: https://www.kk.dk/toiletter/", "municipality": "København", "source": "FindToilet"}}, {"type": "Feature", "geometry": {"type": "Point", "coordinates": [12.563557, 55.72201]}, "properties": {"id": 196, "name": "Rymarksvej 75B", "city": "Hellerup", "postalcode": 2900.0, "type": "Handicap", "accessible": 1, "payment": "Nej", "changing_table": "Ved ikke", "water": "Ved ikke", "description": "Placering: Park, Ryvangens Naturpark\nÅbningstider:\nÅbent fra 1. april til 30. september\nCa. 9.00 til 21:00\nÆndrede åbningstider Jul, Nytår, Corona m.m.: https://www.kk.dk/toiletter/", "municipality": "København", "source": "FindToilet"}}, {"type": "Feature", "geometry": {"type": "Point", "coordinates": [12.611136, 55.661051]}, "properties": {"id": 185, "name": "Rødegård 8A", "city": "København S", "postalcode": 2300.0, "type": "Handicap", "accessible": 1, "payment": "Ved ikke", "changing_table": "Ved ikke", "water": "Ved ikke", "description": "Placering: Park, Rødegårdsparken\nÅbningstider:\nÅbent fra 1. april til 30. september\nCa. 9.00 til 21:00\nÆndrede åbningstider Jul, Nytår, Corona m.m.: https://www.kk.dk/toiletter/", "municipality": "København", "source": "FindToilet"}}, {"type": "Feature", "geometry": {"type": "Point", "coordinates": [12.568555, 55.676169]}, "properties": {"id": 130, "name": "Rådhuspladsen 5-7", "city": "København V", "postalcode": 1550.0, "type": "Handicap", "accessible": 1, "payment": "Nej", "changing_table": "Ja", "water": "Ja", "description": "Placering: Gade, Underjordisk Rådhuspladsen\nÅbningstider: 9-22:30 alle ugens dage.\nÆndrede åbningstider Jul, Nytår, Corona m.m.: https://www.kk.dk/toiletter/\nDer er 3 stk. kombinerede handicaptoilet/familierum samt i alt 12 toiletter. Pissoir er endnu ikke tilgængeligt.\nToilettet tilgås ved ned-/opgang til Metrostationen under Rådhuspladsen ved Vester Voldgade.\nDer er separat adgang med elevator for kørestolsbrugere mv. og barnevogne. Elevatoren kan ikke bruges til metrostationen.", "municipality": "København", "source": "FindToilet"}}, {"type": "Feature", "geometry": {"type": "Point", "coordinates": [12.597487, 55.706277]}, "properties": {"id": 686, "name": "Sandkaj 37", "city": "Nordhavn", "postalcode": 2150.0, "type": "Handicap", "accessible": 1, "payment": "Nej", "changing_table": "Nej", "water": "Ja", "description": "Placering: Sandkaj, flydende aktivitetshus https://www.tv2lorry.dk/kobenhavn/nu-far-nordhavn-et-flydende-aktivitetshus\nÅbningstider:\nMandag: Ca. 9.00 - 21.00 (19.00 om vinteren)\nTirsdag: Ca. 9.00 - 21.00 (19.00 om vinteren)\nOnsdag: Ca. 9.00 - 21.00 (19.00 om vinteren)\nTorsdag: Ca. 9.00 - 21.00 (19.00 om vinteren)\nFredag: Ca. 9.00 - 21.00 (19.00 om vinteren)\nLørdag: Ca. 9.00 - 21.00 (19.00 om vinteren)\nSøndag: Ca. 9.00 - 21.00 (19.00 om vinteren)\nÆndrede åbningstider Jul, Nytår, Corona m.m.: https://www.kk.dk/toiletter/", "municipality": "København", "source": "FindToilet"}}, {"type": "Feature", "geometry": {"type": "Point", "coordinates": [12.571253, 55.706806]}, "properties": {"id": 190, "name": "Serridslevvej 35", "city": "København Ø", "postalcode": 2100.0, "type": "Handicap", "accessible": 1, "payment": "Ved ikke", "changing_table": "Ved ikke", "water": "Ved ikke", "description": "Placering: Park, Fælledparken, Seridsslevvej nord\nÅbningstider:\nÅbent fra 1. april til 30. september\n9.00 til 21:00 (19.00 om vinteren)\nÆndrede åbningstider Jul, Nytår, Corona m.m.: https://www.kk.dk/toiletter/", "municipality": "København", "source": "FindToilet"}}, {"type": "Feature", "geometry": {"type": "Point", "coordinates": [12.509605, 55.703182]}, "properties": {"id": 210, "name": "Solkrogen 8", "city": "Brønshøj", "postalcode": 2700.0, "type": "Handicap", "accessible": 1, "payment": "Ved ikke", "changing_table": "Ved ikke", "water": "Ved ikke", "description": "Placering: Park, Solkrogen\nÅbningstider:\nÅbent fra 1. april til 30. september\n9.00 til 21:00 (19.00 om vinteren)\nÆndrede åbningstider Jul, Nytår, Corona m.m.: https://www.kk.dk/toiletter/", "municipality": "København", "source": "FindToilet"}}, {"type": "Feature", "geometry": {"type": "Point", "coordinates": [12.583029, 55.719539]}, "properties": {"id": 331, "name": "Standpromenaden 30", "city": "København Ø", "postalcode": 2100.0, "type": "Handicap", "accessible": 1, "payment": "Ved ikke", "changing_table": "Ved ikke", "water": "Ved ikke", "description": "Placering: Park, Svanemølle Strandpark\nÅbningstider:\nÅbent fra 1. april til 30. september\n9.00 til 21:00 (19.00 om vinteren)\nHandicaptoilettet er åbent hele året. De andre toiletter er åbne fra 1. april til 30. september\nÆndrede åbningstider Jul, Nytår, Corona m.m.: https://www.kk.dk/toiletter/", "municipality": "København", "source": "FindToilet"}}, {"type": "Feature", "geometry": {"type": "Point", "coordinates": [12.542849, 55.694865]}, "properties": {"id": 199, "name": "Stefansgade 24", "city": "København N", "postalcode": 2200.0, "type": "Handicap", "accessible": 1, "payment": "Nej", "changing_table": "Ved ikke", "water": "Ved ikke", "description": "Placering: Park, Nørrebroparken\nÅbningstider:\nÅbent fra 1. april til 30. september\n9.00 til 21:00 (19.00 om vinteren)\nÆndrede åbningstider Jul, Nytår, Corona m.m.: https://www.kk.dk/toiletter/", "municipality": "København", "source": "FindToilet"}}, {"type": "Feature", "geometry": {"type": "Point", "coordinates": [12.584244, 55.692469]}, "properties": {"id": 173, "name": "Stockholmsgade 62", "city": "København Ø", "postalcode": 2100.0, "type": "Handicap", "accessible": 1, "payment": "Ved ikke", "changing_table": "Ved ikke", "water": "Ved ikke", "description": "Placering: Park, Østre Anlæg\nÅbningstider:\nÅbent fra 1. april til 30. september\nCa. 9.00 til 21:00\nÆndrede åbningstider Jul, Nytår, Corona m.m.: https://www.kk.dk/toiletter/", "municipality": "København", "source": "FindToilet"}}, {"type": "Feature", "geometry": {"type": "Point", "coordinates": [12.613326, 55.646622]}, "properties": {"id": 61, "name": "Sundbyvester Plads 2A", "city": "København K", "postalcode": 2300.0, "type": "Handicap", "accessible": 1, "payment": "Nej", "changing_table": "Ja", "water": "Ja", "description": "Placering: Gade, Sundbyvester Plads\nÅbningstider:\nHelårsåbent: ja\nDøgnåbent: Ja\nÆndrede åbningstider Jul, Nytår, Corona m.m.: https://www.kk.dk/toiletter/", "municipality": "København", "source": "FindToilet"}}, {"type": "Feature", "geometry": {"type": "Point", "coordinates": [12.551496, 55.666095]}, "properties": {"id": 63, "name": "Sønder Boulevard 60B", "city": "København V", "postalcode": 1720.0, "type": "Handicap", "accessible": 1, "payment": "Nej", "changing_table": "Ja", "water": "Ja", "description": "Placering: Gade, Sønder Boulevard\nÅbningstider: Ca. 9.00 til 22:00\nÆndrede åbningstider Jul, Nytår, Corona m.m.: https://www.kk.dk/toiletter/", "municipality": "København", "source": "FindToilet"}}, {"type": "Feature", "geometry": {"type": "Point", "coordinates": [12.517536, 55.66184]}, "properties": {"id": 56, "name": "Toftegårds Plads 2F", "city": "Valby", "postalcode": 2500.0, "type": "Handicap", "accessible": 1, "payment": "Nej", "changing_table": "Ja", "water": "Ja", "description": "Placering: Gade, Toftegårds plads\nÅbningstider:\nCa. 9.00 til 22:00\nÆndrede åbningstider Jul, Nytår, Corona m.m.: https://www.kk.dk/toiletter/", "municipality": "København", "source": "FindToilet"}}, {"type": "Feature", "geometry": {"type": "Point", "coordinates": [12.5918, 55.67198]}, "properties": {"id": 131, "name": "Torvegade 48", "city": "København K", "postalcode": 1410.0, "type": "Handicap", "accessible": 1, "payment": "Nej", "changing_table": "Ja", "water": "Ja", "description": "Placering: Gade, Christianshavns Torv\nÅbningstider:\nHelårsåbent: ja\nDøgnåbent: Ja\nÆndrede åbningstider Jul, Nytår, Corona m.m.: https://www.kk.dk/toiletter/", "municipality": "København", "source": "FindToilet"}}, {"type": "Feature", "geometry": {"type": "Point", "coordinates": [12.514116, 55.666027]}, "properties": {"id": 51, "name": "Valby tingsted 1B", "city": "Valby", "postalcode": 2500.0, "type": "Handicap", "accessible": 1, "payment": "Nej", "changing_table": "Ja", "water": "Ja", "description": "Placering: Gade, Valby tingsted\nÅbningstider:\nHelårsåbent: ja\nDøgnåbent: Ja\nÆndrede åbningstider Jul, Nytår, Corona m.m.: https://www.kk.dk/toiletter/", "municipality": "København", "source": "FindToilet"}}, {"type": "Feature", "geometry": {"type": "Point", "coordinates": [12.580907, 55.677576]}, "properties": {"id": 70, "name": "Ved Stranden 18A", "city": "København K", "postalcode": 1061.0, "type": "Handicap", "accessible": 1, "payment": "Nej", "changing_table": "Ja", "water": "Ja", "description": "Placering: Gade, Ved Stranden\nÅbningstider:\nHelårsåbent: ja\nDøgnåbent: Ja\nÆndrede åbningstider Jul, Nytår, Corona m.m.: https://www.kk.dk/toiletter/", "municipality": "København", "source": "FindToilet"}}, {"type": "Feature", "geometry": {"type": "Point", "coordinates": [12.558971, 55.674807]}, "properties": {"id": 299, "name": "Vester Søgade 2", "city": "København V", "postalcode": 1601.0, "type": "Handicap", "accessible": 1, "payment": "Nej", "changing_table": "Ved ikke", "water": "Ved ikke", "description": "Placering: Planetariet\nÅbningstider:\nhelaarsaabent: Ja\ndoegnaabent: Ja\nÆndrede åbningstider Jul, Nytår, Corona m.m.: https://www.kk.dk/toiletter/", "municipality": "København", "source": "FindToilet"}}, {"type": "Feature", "geometry": {"type": "Point", "coordinates": [12.579978, 55.633288]}, "properties": {"id": 69, "name": "Ørestads Boulevard 66", "city": "København S", "postalcode": 2300.0, "type": "Handicap", "accessible": 1, "payment": "Nej", "changing_table": "Ja", "water": "Ja", "description": "Placering: Gade, Ørestadsparken\nÅbningstider:\nHelårsåbent: ja\nDøgnåbent: Ja\nÆndrede åbningstider Jul, Nytår, Corona m.m.: https://www.kk.dk/toiletter/", "municipality": "København", "source": "FindToilet"}}, {"type": "Feature", "geometry": {"type": "Point", "coordinates": [12.638636, 55.663012]}, "properties": {"id": 341, "name": "Øresundsstien 5", "city": "København S", "postalcode": 2300.0, "type": "Handicap", "accessible": 1, "payment": "Ved ikke", "changing_table": "Ved ikke", "water": "Ved ikke", "description": "Placering: Amager Strandpark, Øresundsstien\nÅbningstider:\nhelaarsaabent: Ja\ndoegnaabent: Nej\nHøjsæson: 1. maj til 30. sep. Kl 8.00 til 22.00 alle ugens dage. Fra 1. juni til 31 august kl. 8.00 til 24.00 fredag, lørdag og søndag. Lavsæson: 1. okt til 30. april. Kl. 8.00 til 18.00 alle dage. Her er kun handicaptoilettet åbent. Handicaptoilet er helårsåbent.\nÆndrede åbningstider Jul, Nytår, Corona m.m.: https://www.kk.dk/toiletter/", "municipality": "København", "source": "FindToilet"}}, {"type": "Feature", "geometry": {"type": "Point", "coordinates": [12.600624, 55.661005]}, "properties": {"id": 640, "name": "Øselsgade 5", "city": "København S", "postalcode": 2300.0, "type": "Handicap", "accessible": 1, "payment": "Ved ikke", "changing_table": "Ved ikke", "water": "Ved ikke", "description": "Placering: Bemandet legeplads Kornblomstparken\nÅbningstider:\nmandag: Følger legepladsens åbningstider\ntirsdag: Følger legepladsens åbningstider\nonsdag: Følger legepladsens åbningstider\ntorsdag: Følger legepladsens åbningstider\nfredag: Følger legepladsens åbningstider\nloerdag: Følger legepladsens åbningstider\nsoendag: Følger legepladsens åbningstider\ndoegnaabent: Nej\nbemaerkning: Mandag-onsdag kl. 9.30-18. Torsdag 12-20. Fredag 12 -18 og lørdag fra kl 10-17.\nÆndrede åbningstider Jul, Nytår, Corona m.m.: https://www.kk.dk/toiletter/", "municipality": "København", "source": "FindToilet"}}, {"type": "Feature", "geometry": {"type": "Point", "coordinates": [12.573372, 55.69995]}, "properties": {"id": 194, "name": "Øster Allé 1E", "city": "København Ø", "postalcode": 2100.0, "type": "Handicap", "accessible": 1, "payment": "Ved ikke", "changing_table": "Ved ikke", "water": "Ved ikke", "description": "Placering: Park, Fælledparken, Sansehaven\nÅbningstider:\nÅbent fra 1. april til 30. september\nCa. 9.00 til 21:00\nÆndrede åbningstider Jul, Nytår, Corona m.m.: https://www.kk.dk/toiletter/", "municipality": "København", "source": "FindToilet"}}, {"type": "Feature", "geometry": {"type": "Point", "coordinates": [12.577939, 55.714884]}, "properties": {"id": 386, "name": "Østerbrogade 244", "city": "København Ø", "postalcode": 2100.0, "type": "Handicap", "accessible": 1, "payment": "Nej", "changing_table": "Ved ikke", "water": "Ja", "description": "Placering: Gade, Sporsløjfen, v. Svanemølle st.\nÅbningstider:\nHelårsåbent: ja\nDøgnåbent: Ja\nÆndrede åbningstider Jul, Nytår, Corona m.m.: https://www.kk.dk/toiletter/", "municipality": "København", "source": "FindToilet"}}, {"type": "Feature", "geometry": {"type": "Point", "coordinates": [12.577521, 55.699301]}, "properties": {"id": 135, "name": "Østerbrogade 29B", "city": "København Ø", "postalcode": 2100.0, "type": "Handicap", "accessible": 1, "payment": "Nej", "changing_table": "Ja", "water": "Ja", "description": "Placering: Gade, Trianglen\nÅbningstider: \n9.00-18.30 alle dage\nÆndrede åbningstider Jul, Nytår, Corona m.m.: https://www.kk.dk/toiletter/", "municipality": "København", "source": "FindToilet"}}, {"type": "Feature", "geometry": {"type": "Point", "coordinates": [12.617156, 55.661741]}, "properties": {"id": 184, "name": "Østrigsgade 67", "city": "København S", "postalcode": 2300.0, "type": "Handicap", "accessible": 1, "payment": "Ved ikke", "changing_table": "Ved ikke", "water": "Ved ikke", "description": "Placering: Park, Lergravsparken, ved metro\nÅbningstider:\nÅbent fra 1. april til 30. september\n9.00 til 21:00 (19.00 om vinteren)\nÆndrede åbningstider Jul, Nytår, Corona m.m.: https://www.kk.dk/toiletter/", "municipality": "København", "source": "FindToilet"}}, {"type": "Feature", "geometry": {"type": "Point", "coordinates": [12.557011, 55.686248]}, "properties": {"id": 38, "name": "Blågårds Plads 5B", "city": "København N", "postalcode": 2200.0, "type": "Pissoir", "accessible": 0, "payment": "Nej", "changing_table": "Nej", "water": "Nej", "description": "Placering: Gade, Blågårds Plads\nÅbningstider:\nhelaarsaabent: Nej- Vinterlukket fra 1/10 til 31/3\naabent_april_sept: x - lukkes når frosten kommer\ndoegnaabent: Ja\nÆndrede åbningstider Jul, Nytår, Corona m.m.: https://www.kk.dk/toiletter/", "municipality": "København", "source": "FindToilet"}}, {"type": "Feature", "geometry": {"type": "Point", "coordinates": [12.560541, 55.67169]}, "properties": {"id": 71, "name": "Istedgade 20", "city": "København V", "postalcode": 1650.0, "type": "Pissoir", "accessible": 0, "payment": "Nej", "changing_table": "Nej", "water": "Nej", "description": "Placering: Gade, Maria Kirkeplads\nÅbningstider:\nhelaarsaabent: Nej- Vinterlukket fra 1/10 til 31/3\naabent_april_sept: x - lukkes når frosten kommer\ndoegnaabent: Ja\nÆndrede åbningstider Jul, Nytår, Corona m.m.: https://www.kk.dk/toiletter/", "municipality": "København", "source": "FindToilet"}}, {"type": "Feature", "geometry": {"type": "Point", "coordinates": [12.553934, 55.686647]}, "properties": {"id": 52, "name": "Korsgade 58B", "city": "København N", "postalcode": 2200.0, "type": "Pissoir", "accessible": 0, "payment": "Nej", "changing_table": "Nej", "water": "Nej", "description": "Placering: Gade, Korsgade 58\nÅbningstider:\nhelaarsaabent: Nej- Vinterlukket fra 1/10 til 31/3\naabent_april_sept: x - lukkes når frosten kommer\ndoegnaabent: Ja\nÆndrede åbningstider Jul, Nytår, Corona m.m.: https://www.kk.dk/toiletter/", "municipality": "København", "source": "FindToilet"}}, {"type": "Feature", "geometry": {"type": "Point", "coordinates": [12.58187, 55.67901]}, "properties": {"id": 55, "name": "Nikolaj Plads 10b", "city": "København K", "postalcode": 1067.0, "type": "Pissoir", "accessible": 0, "payment": "Nej", "changing_table": "Nej", "water": "Nej", "description": "Placering: Gade, Nikolaj Plads\nÅbningstider:\nhelaarsaabent: Nej- Vinterlukket fra 1/10 til 31/3\naabent_april_sept: x - lukkes når frosten kommer\ndoegnaabent: Ja\nÆndrede åbningstider Jul, Nytår, Corona m.m.: https://www.kk.dk/toiletter/", "municipality": "København", "source": "FindToilet"}}, {"type": "Feature", "geometry": {"type": "Point", "coordinates": [12.591002, 55.679549]}, "properties": {"id": 29, "name": "Nyhavn 28", "city": "København K", "postalcode": 1051.0, "type": "Pissoir", "accessible": 0, "payment": "Nej", "changing_table": "Nej", "water": "Nej", "description": "Placering: Gade, Nyhavn\nÅbningstider:\nhelaarsaabent: Nej- Vinterlukket fra 1/10 til 31/3\naabent_april_sept: x - lukkes når frosten kommer\ndoegnaabent: Ja\nÆndrede åbningstider Jul, Nytår, Corona m.m.: https://www.kk.dk/toiletter/", "municipality": "København", "source": "FindToilet"}}, {"type": "Feature", "geometry": {"type": "Point", "coordinates": [12.591223, 55.679813]}, "properties": {"id": 7, "name": "Nyhavn 47C", "city": "København K", "postalcode": 1051.0, "type": "Pissoir", "accessible": 0, "payment": "Nej", "changing_table": "Nej", "water": "Nej", "description": "Placering: Gade, Nyhavn\nÅbningstider:\nhelaarsaabent: Nej- Vinterlukket fra 1/10 til 31/3\naabent_april_sept: x - lukkes når frosten kommer\ndoegnaabent: Ja\nÆndrede åbningstider Jul, Nytår, Corona m.m.: https://www.kk.dk/toiletter/", "municipality": "København", "source": "FindToilet"}}, {"type": "Feature", "geometry": {"type": "Point", "coordinates": [12.57266, 55.67749]}, "properties": {"id": 58, "name": "Nytorv 29", "city": "København K", "postalcode": 1450.0, "type": "Pissoir", "accessible": 0, "payment": "Nej", "changing_table": "Nej", "water": "Nej", "description": "Placering: Gade, Nytorv\nÅbningstider:\nhelaarsaabent: Nej- Vinterlukket fra 1/10 til 31/3\naabent_april_sept: x - lukkes når frosten kommer\ndoegnaabent: Ja\nÆndrede åbningstider Jul, Nytår, Corona m.m.: https://www.kk.dk/toiletter/", "municipality": "København", "source": "FindToilet"}}, {"type": "Feature", "geometry": {"type": "Point", "coordinates": [12.571291, 55.683037]}, "properties": {"id": 632, "name": "Nørre Voldgade 15B", "city": "København K", "postalcode": 1358.0, "type": "Pissoir", "accessible": 0, "payment": "Nej", "changing_table": "Nej", "water": "Nej", "description": "Placering: Gade, Nørreport station\nÅbningstider:\nhelaarsaabent: Ja\ndoegnaabent: Ja\nÆndrede åbningstider Jul, Nytår, Corona m.m.: https://www.kk.dk/toiletter/", "municipality": "København", "source": "FindToilet"}}, {"type": "Feature", "geometry": {"type": "Point", "coordinates": [12.595253, 55.674969]}, "properties": {"id": 633, "name": "Overgaden oven Vandet 64A", "city": "København K", "postalcode": 1415.0, "type": "Pissoir", "accessible": 0, "payment": "Nej", "changing_table": "Nej", "water": "Nej", "description": "Placering: Gade, Overgaden oven Vandet\nÅbningstider:\nhelaarsaabent: Nej- Vinterlukket fra 1/10 til 31/3\naabent_april_sept: x - lukkes når frosten kommer\ndoegnaabent: Ja\nÆndrede åbningstider Jul, Nytår, Corona m.m.: https://www.kk.dk/toiletter/", "municipality": "København", "source": "FindToilet"}}, {"type": "Feature", "geometry": {"type": "Point", "coordinates": [12.575475, 55.689418]}, "properties": {"id": 54, "name": "Stockholmsgade 2", "city": "København Ø", "postalcode": 2100.0, "type": "Pissoir", "accessible": 0, "payment": "Nej", "changing_table": "Nej", "water": "Nej", "description": "Placering: Gade, Sølvtorvet\nÅbningstider:\nhelaarsaabent: Nej- Vinterlukket fra 1/10 til 31/3\naabent_april_sept: x - lukkes når frosten kommer\ndoegnaabent: Ja\nÆndrede åbningstider Jul, Nytår, Corona m.m.: https://www.kk.dk/toiletter/", "municipality": "København", "source": "FindToilet"}}, {"type": "Feature", "geometry": {"type": "Point", "coordinates": [12.517405, 55.662306]}, "properties": {"id": 53, "name": "Toftegårds Plads 6F", "city": "Valby", "postalcode": 2500.0, "type": "Pissoir", "accessible": 0, "payment": "Nej", "changing_table": "Nej", "water": "Nej", "description": "Placering: Gade, Toftegårds Plads\nÅbningstider:\nhelaarsaabent: Nej- Vinterlukket fra 1/10 til 31/3\naabent_april_sept: x - lukkes når frosten kommer\ndoegnaabent: Ja\nÆndrede åbningstider Jul, Nytår, Corona m.m.: https://www.kk.dk/toiletter/", "municipality": "København", "source": "FindToilet"}}, {"type": "Feature", "geometry": {"type": "Point", "coordinates": [12.516928, 55.710055]}, "properties": {"id": 35, "name": "Utterslev Torv 9", "city": "København NV", "postalcode": 2400.0, "type": "Pissoir", "accessible": 0, "payment": "Nej", "changing_table": "Nej", "water": "Nej", "description": "Placering: Gade, Utterslev Torv\nÅbningstider:\nhelaarsaabent: Nej- Vinterlukket fra 1/10 til 31/3\naabent_april_sept: x - lukkes når frosten kommer\ndoegnaabent: Ja\nÆndrede åbningstider Jul, Nytår, Corona m.m.: https://www.kk.dk/toiletter/", "municipality": "København", "source": "FindToilet"}}, {"type": "Feature", "geometry": {"type": "Point", "coordinates": [12.64402, 55.646201]}, "properties": {"id": 337, "name": "Amager Strandvej 275", "city": "København S", "postalcode": 2300.0, "type": "Unisex", "accessible": 0, "payment": "Ved ikke", "changing_table": "Ved ikke", "water": "Ved ikke", "description": "Placering: Amager Strandvej, Femøren\nÅbningstider:\nhelaarsaabent: Ja\ndoegnaabent: Nej\nHøjsæson: 1. maj til 30. sep. Kl 8.00 til 22.00 alle ugens dage. Fra 1. juni til 31 august kl. 8.00 til 24.00 fredag, lørdag og søndag. Lavsæson: 1. okt til 30. april. Kl. 8.00 til 18.00 alle dage.\nÆndrede åbningstider Jul, Nytår, Corona m.m.: https://www.kk.dk/toiletter/", "municipality": "København", "source": "FindToilet"}}, {"type": "Feature", "geometry": {"type": "Point", "coordinates": [12.579556, 55.678826]}, "properties": {"id": 34, "name": "Amagertorv 1F", "city": "København K", "postalcode": 1160.0, "type": "Unisex", "accessible": 0, "payment": "Nej", "changing_table": "Ja", "water": "Ja", "description": "Placering: Gade, Underjordisk Amagertorv\nÅbningstider:\n9.00-22.30 alle dage\nÆndrede åbningstider Jul, Nytår, Corona m.m.: https://www.kk.dk/toiletter/\nDametoilet til højre og Herretoilet til venstre", "municipality": "København", "source": "FindToilet"}}, {"type": "Feature", "geometry": {"type": "Point", "coordinates": [12.554031, 55.646499]}, "properties": {"id": 860, "name": "Ben Websters Vej 69", "city": "København SV", "postalcode": 2450.0, "type": "Unisex", "accessible": 0, "payment": "Nej", "changing_table": "Ved ikke", "water": "Ja", "description": "Placering: Koralbadet\nhttps://svoemkbh.kk.dk/sluseholmen\nÅbningstider:\nhelaarsaabent: Nej\nVinterlukket fra 1/10 til 31/3\ndoegnaabent: Ja\nÆndrede åbningstider Jul, Nytår, Corona m.m.: https://www.kk.dk/toiletter/", "municipality": "København", "source": "FindToilet"}}, {"type": "Feature", "geometry": {"type": "Point", "coordinates": [12.576545, 55.698552]}, "properties": {"id": 634, "name": "Blegdamsvej 132a", "city": "København Ø", "postalcode": 2100.0, "type": "Unisex", "accessible": 0, "payment": "Ved ikke", "changing_table": "Ved ikke", "water": "Ved ikke", "description": "Placering: Bemandet legeplads Blegdamsremisen\nÅbningstider:\nmandag: Følger legepladsens åbningstider\ntirsdag: Følger legepladsens åbningstider\nonsdag: Følger legepladsens åbningstider\ntorsdag: Følger legepladsens åbningstider\nfredag: Følger legepladsens åbningstider\nloerdag: Følger legepladsens åbningstider\nsoendag: Følger legepladsens åbningstider\ndoegnaabent: Nej\nbemaerkning: Sommersæson maj-sep (uge 18-39) mandag-fredag kl. 9.00-16.30. Vintersæson oktober-april (uge 40-17) mandag-fredag kl. 9.00-17.00, lørdag-søndag kl. 10.00-16.00.\nÆndrede åbningstider Jul, Nytår, Corona m.m.: https://www.kk.dk/toiletter/", "municipality": "København", "source": "FindToilet"}}, {"type": "Feature", "geometry": {"type": "Point", "coordinates": [12.541201, 55.704799]}, "properties": {"id": 635, "name": "Borgmestervangen 51", "city": "København N", "postalcode": 2200.0, "type": "Unisex", "accessible": 0, "payment": "Ved ikke", "changing_table": "Ved ikke", "water": "Ved ikke", "description": "Placering: Bemandet legeplads Mimersparken\nÅbningstider:\nMandag: Følger legepladsens åbningstider\nTirsdag: Følger legepladsens åbningstider\nOnsdag: Følger legepladsens åbningstider\nTorsdag: Følger legepladsens åbningstider\nFredag: Følger legepladsens åbningstider\nLørdag: Når legepladsen er lukket da ca. ca. 9.00 - 21.00 (19.00 om vinteren)\nSøndag: Når legepladsen er lukket da ca. ca. 9.00 - 21.00 (19.00 om vinteren)\nÅbningstider legeplads sommer (uge 18-38): Mandag til fredag kl. 9 til 18. Lørdag og søndag kl. 10 til 17. Åbningstider legeplads vinter (uge 39-17): Mandag til fredag kl. 9 til 17. Lørdag kl 11 til16. Søndag lukket.\nÆndrede åbningstider Jul, Nytår, Corona m.m.: https://www.kk.dk/toiletter/", "municipality": "København", "source": "FindToilet"}}, {"type": "Feature", "geometry": {"type": "Point", "coordinates": [12.61349, 55.659015]}, "properties": {"id": 349, "name": "Bredegrund 8", "city": "København S", "postalcode": 2300.0, "type": "Unisex", "accessible": 0, "payment": "Ved ikke", "changing_table": "Ved ikke", "water": "Ved ikke", "description": "Placering: Bemandet legeplads Bredegrund\nÅbningstider:\nmandag: Følger legepladsens åbningstider\ntirsdag: Følger legepladsens åbningstider\nonsdag: Følger legepladsens åbningstider\ntorsdag: Følger legepladsens åbningstider\nfredag: Følger legepladsens åbningstider\nloerdag: Følger legepladsens åbningstider\nsoendag: Følger legepladsens åbningstider\ndoegnaabent: Nej\nbemaerkning: Sommersæsonen (maj-oktober) mandag-fredag kl. 9-18 og søndag kl. 10-16. I vintersæsonen (november-februar) mandag -fredag 9-16. I mellemsæsonen (uge 10-17 + uge 43-45) mandag - fredag 9-17\nÆndrede åbningstider Jul, Nytår, Corona m.m.: https://www.kk.dk/toiletter/", "municipality": "København", "source": "FindToilet"}}, {"type": "Feature", "geometry": {"type": "Point", "coordinates": [12.5822, 55.6766]}, "properties": {"id": 5, "name": "Christiansborg Slotsplads 2", "city": "København K", "postalcode": 1218.0, "type": "Unisex", "accessible": 0, "payment": "Nej", "changing_table": "Nej", "water": "Nej", "description": "Placering: Christiansborg Slotsplads, Holmens Bro\nÅbningstider:\nhelaarsaabent: Ja\ndoegnaabent: Ja\nÆndrede åbningstider Jul, Nytår, Corona m.m.: https://www.kk.dk/toiletter/", "municipality": "København", "source": "FindToilet"}}, {"type": "Feature", "geometry": {"type": "Point", "coordinates": [12.468016, 55.682449]}, "properties": {"id": 201, "name": "Damhusdæmningen 14", "city": "Vanløse", "postalcode": 2720.0, "type": "Unisex", "accessible": 0, "payment": "Nej", "changing_table": "Ved ikke", "water": "Ved ikke", "description": "Placering: Park, Damhusdæmningen, Engen\nÅbningstider:\nÅbent fra 1. april til 30. september\nCa. 9.00 til 21:00\nÆndrede åbningstider Jul, Nytår, Corona m.m.: https://www.kk.dk/toiletter/", "municipality": "København", "source": "FindToilet"}}, {"type": "Feature", "geometry": {"type": "Point", "coordinates": [12.52495, 55.710617]}, "properties": {"id": 641, "name": "Degnestavnen 20", "city": "København NV", "postalcode": 2400.0, "type": "Unisex", "accessible": 0, "payment": "Ved ikke", "changing_table": "Ved ikke", "water": "Ved ikke", "description": "Placering: Park, Degnestavnen, ved legeplads\nhttps://bornibyen.dk/koebenhavn/places/1088-legepladsen-i-degnestavnen\nÅbningstider:\nhelaarsaabent: Ja\ndoegnaabent: Nej\nFølger legepladsens åbningstider\nÆndrede åbningstider Jul, Nytår, Corona m.m.: https://www.kk.dk/toiletter/", "municipality": "København", "source": "FindToilet"}}, {"type": "Feature", "geometry": {"type": "Point", "coordinates": [12.573532, 55.679306]}, "properties": {"id": 65, "name": "Dyrkøb 2", "city": "København K", "postalcode": 1166.0, "type": "Unisex", "accessible": 0, "payment": "Nej", "changing_table": "Nej", "water": "Ja", "description": "Placering: Vor frue plads\nÅbningstider:\nhelaarsaabent: Ja\ndoegnaabent: Ja\nÆndrede åbningstider Jul, Nytår, Corona m.m.: https://www.kk.dk/toiletter/", "municipality": "København", "source": "FindToilet"}}, {"type": "Feature", "geometry": {"type": "Point", "coordinates": [12.562361, 55.698973]}, "properties": {"id": 325, "name": "Edel Sauntes Allé 1", "city": "København Ø", "postalcode": 2100.0, "type": "Unisex", "accessible": 0, "payment": "Nej", "changing_table": "Ved ikke", "water": "Ved ikke", "description": "Placering: Park, Fælledparken, Bikuben\nÅbningstider:\nÅbent fra 1. april til 30. september\nCa. 9.00 til 21:00\nÆndrede åbningstider Jul, Nytår, Corona m.m.: https://www.kk.dk/toiletter/", "municipality": "København", "source": "FindToilet"}}, {"type": "Feature", "geometry": {"type": "Point", "coordinates": [12.56414, 55.700375]}, "properties": {"id": 642, "name": "Edel Sauntes Allé 9", "city": "København Ø", "postalcode": 2100.0, "type": "Unisex", "accessible": 0, "payment": "Ved ikke", "changing_table": "Ved ikke", "water": "Ved ikke", "description": "Placering: Park, Soppesøen\nÅbningstider:\nÅbent fra 1. april til 30. september\nCa. 9.00 til 21:00\nKun åbent når der er vand i soppesøen\nÆndrede åbningstider Jul, Nytår, Corona m.m.: https://www.kk.dk/toiletter/", "municipality": "København", "source": "FindToilet"}}, {"type": "Feature", "geometry": {"type": "Point", "coordinates": [12.541712, 55.667912]}, "properties": {"id": 326, "name": "Ejderstedgade 1", "city": "København V", "postalcode": 1761.0, "type": "Unisex", "accessible": 0, "payment": "Ved ikke", "changing_table": "Ved ikke", "water": "Ved ikke", "description": "Placering: Bemandet legeplads Enghaveparken\nÅbningstider:\nmandag: Følger legepladsens åbningstider\ntirsdag: Følger legepladsens åbningstider\nonsdag: Følger legepladsens åbningstider\ntorsdag: Følger legepladsens åbningstider\nfredag: Følger legepladsens åbningstider\nloerdag: Følger legepladsens åbningstider\nsoendag: Følger legepladsens åbningstider\ndoegnaabent: Nej\nbemaerkning: Sommersæson (maj til september) mandag-fredag kl. 9-18 og søndag 10-17. I mellemsæsonen (marts, april og oktober) mandag-fredag 9-17. I vintersæsonen (november-februar) mandag - fredag 9-16.\nÆndrede åbningstider Jul, Nytår, Corona m.m.: https://www.kk.dk/toiletter/", "municipality": "København", "source": "FindToilet"}}, {"type": "Feature", "geometry": {"type": "Point", "coordinates": [12.5695, 55.6843]}, "properties": {"id": 31, "name": "Frederiksborggade 21", "city": "København K", "postalcode": 1360.0, "type": "Unisex", "accessible": 0, "payment": "Nej", "changing_table": "Ja", "water": "Ja", "description": "Placering: Gade, Underjordisk Israels Plads\nÅbningstider:\n8.30-22.00 alle dage\nÆndrede åbningstider Jul, Nytår, Corona m.m.: https://www.kk.dk/toiletter/", "municipality": "København", "source": "FindToilet"}}, {"type": "Feature", "geometry": {"type": "Point", "coordinates": [12.571727, 55.678112]}, "properties": {"id": 36, "name": "Gammel Torv 22f", "city": "København K", "postalcode": 1457.0, "type": "Unisex", "accessible": 0, "payment": "Nej", "changing_table": "Nej", "water": "Ja", "description": "Placering: Gammel Torv\nÅbningstider:\nhelaarsaabent: Ja\ndoegnaabent: Ja\nÆndrede åbningstider Jul, Nytår, Corona m.m.: https://www.kk.dk/toiletter/", "municipality": "København", "source": "FindToilet"}}, {"type": "Feature", "geometry": {"type": "Point", "coordinates": [12.579507, 55.664607]}, "properties": {"id": 637, "name": "Gunløgsgade 26", "city": "København S", "postalcode": 2300.0, "type": "Unisex", "accessible": 0, "payment": "Ved ikke", "changing_table": "Ved ikke", "water": "Ved ikke", "description": "Placering: Bemandet legeplads Gunløgsgade\nÅbningstider:\nhelaarsaabent: Ja\ndoegnaabent: Nej\nÆndrede åbningstider Jul, Nytår, Corona m.m.: https://www.kk.dk/toiletter/", "municipality": "København", "source": "FindToilet"}}, {"type": "Feature", "geometry": {"type": "Point", "coordinates": [12.536366, 55.65118]}, "properties": {"id": 687, "name": "Gustav Bangs Gade 21", "city": "København SV", "postalcode": 2450.0, "type": "Unisex", "accessible": 0, "payment": "Ved ikke", "changing_table": "Ved ikke", "water": "Ved ikke", "description": "Placering: Anker Jørgensens Plads\nÅbningstider:\nMandag: Døgnåbent\nTirsdag: Døgnåbent\nOnsdag: Døgnåbent\nTorsdag: Døgnåbent\nFredag: Døgnåbent\nLørdag: Døgnåbent\nSøndag: Døgnåbent\nStår indtil Mozarts Plads genåbner i 2024 (Vedtaget af TMU).\nÆndrede åbningstider Jul, Nytår, Corona m.m.: https://www.kk.dk/toiletter/", "municipality": "København", "source": "FindToilet"}}, {"type": "Feature", "geometry": {"type": "Point", "coordinates": [12.561735, 55.670053]}, "properties": {"id": 165, "name": "Halmtorvet 9C", "city": "København V", "postalcode": 1700.0, "type": "Unisex", "accessible": 0, "payment": "Nej", "changing_table": "Nej", "water": "Ja", "description": "Placering: Gade, Den brune kødby\nÅbningstider:\nHelårsåbent: ja\nDøgnåbent: Ja\nÆndrede åbningstider Jul, Nytår, Corona m.m.: https://www.kk.dk/toiletter/", "municipality": "København", "source": "FindToilet"}}, {"type": "Feature", "geometry": {"type": "Point", "coordinates": [12.519857, 55.64471]}, "properties": {"id": 333, "name": "Hammelstrupvej 41", "city": "København SV", "postalcode": 2450.0, "type": "Unisex", "accessible": 0, "payment": "Ved ikke", "changing_table": "Ved ikke", "water": "Ved ikke", "description": "Placering: Bemandet legeplads Valbyparken, Naturlegepladsen\nÅbningstider:\nmandag: Følger legepladsens åbningstider\ntirsdag: Følger legepladsens åbningstider\nonsdag: Følger legepladsens åbningstider\ntorsdag: Følger legepladsens åbningstider\nfredag: Følger legepladsens åbningstider\nloerdag: Følger legepladsens åbningstider\nsoendag: Følger legepladsens åbningstider\ndoegnaabent: Nej\nÆndrede åbningstider Jul, Nytår, Corona m.m.: https://www.kk.dk/toiletter/", "municipality": "København", "source": "FindToilet"}}, {"type": "Feature", "geometry": {"type": "Point", "coordinates": [12.545727, 55.689757]}, "properties": {"id": 200, "name": "Hans Tavsens Gade 40", "city": "København N", "postalcode": 2200.0, "type": "Unisex", "accessible": 0, "payment": "Ved ikke", "changing_table": "Ved ikke", "water": "Ved ikke", "description": "Placering: Bemandet legeplads Hans Tavsens Park vest\nÅbningstider:\nmandag: Følger legepladsens åbningstider\ntirsdag: Følger legepladsens åbningstider\nonsdag: Følger legepladsens åbningstider\ntorsdag: Følger legepladsens åbningstider\nfredag: Følger legepladsens åbningstider\nloerdag: Følger legepladsens åbningstider\nsoendag: Følger legepladsens åbningstider\ndoegnaabent: Nej\nbemaerkning: Mandag-fredag: kl. 8.45-17 undtagen torsdag, hvor der er åbent til 19.\nÆndrede åbningstider Jul, Nytår, Corona m.m.: https://www.kk.dk/toiletter/", "municipality": "København", "source": "FindToilet"}}, {"type": "Feature", "geometry": {"type": "Point", "coordinates": [12.54978, 55.688329]}, "properties": {"id": 274, "name": "Hans Tavsens Gade 40", "city": "København N", "postalcode": 2200.0, "type": "Unisex", "accessible": 0, "payment": "Ved ikke", "changing_table": "Ved ikke", "water": "Ved ikke", "description": "Placering: Bemandet legeplads Hans Tavsens Park øst\nÅbningstider:\nmandag: Følger legepladsens åbningstider\ntirsdag: Følger legepladsens åbningstider\nonsdag: Følger legepladsens åbningstider\ntorsdag: Følger legepladsens åbningstider\nfredag: Følger legepladsens åbningstider\nloerdag: Følger legepladsens åbningstider\nsoendag: Følger legepladsens åbningstider\ndoegnaabent: Nej\nbemaerkning: sommersæsonen (maj-september) mandag-fredag: kl. 9-18 og lørdag: kl. 10-17. I vintersæsonen (oktober til april) 9-16.30 i hverdagene\nÆndrede åbningstider Jul, Nytår, Corona m.m.: https://www.kk.dk/toiletter/", "municipality": "København", "source": "FindToilet"}}, {"type": "Feature", "geometry": {"type": "Point", "coordinates": [12.536173, 55.695527]}, "properties": {"id": 348, "name": "Hillerødgade 23b", "city": "København N", "postalcode": 2200.0, "type": "Unisex", "accessible": 0, "payment": "Ved ikke", "changing_table": "Ved ikke", "water": "Ved ikke", "description": "Placering: Bemandet legeplads Bispeengen\nÅbningstider:\nmandag: Følger legepladsens åbningstider\ntirsdag: Følger legepladsens åbningstider\nonsdag: Følger legepladsens åbningstider\ntorsdag: Følger legepladsens åbningstider\nfredag: Følger legepladsens åbningstider\nloerdag: Følger legepladsens åbningstider\nsoendag: Følger legepladsens åbningstider\ndoegnaabent: Nej\nbemaerkning: Sommersæsonen (maj til september) hverdage 9-18 undtagen torsdag, hvor der er åbent til 20. Lørdage åbent 10-17. I juli er der åbent fra 9.30 til 17 på hverdage og lørdag 10-17. I vintersæsonen 9.30 til 17 undtagen mandag, hvor der er åbent til kl. 20.\nÆndrede åbningstider Jul, Nytår, Corona m.m.: https://www.kk.dk/toiletter/", "municipality": "København", "source": "FindToilet"}}, {"type": "Feature", "geometry": {"type": "Point", "coordinates": [12.521864, 55.704786]}, "properties": {"id": 638, "name": "Hulgårds Plads 6", "city": "København NV", "postalcode": 2400.0, "type": "Unisex", "accessible": 0, "payment": "Ved ikke", "changing_table": "Ved ikke", "water": "Ved ikke", "description": "Placering: Bemandet legeplads Hulgårds Plads\nÅbningstider:\naabent_april_sept:\nmandag: Følger legepladsens åbningstider\ntirsdag: Følger legepladsens åbningstider\nonsdag: Følger legepladsens åbningstider\ntorsdag: Følger legepladsens åbningstider\nfredag: Følger legepladsens åbningstider\nloerdag: Følger legepladsens åbningstider\nsoendag: Følger legepladsens åbningstider\ndoegnaabent: Nej\nbemaerkning: Sommersæsonen mandag-fredag kl. 9-18 og søndag kl. 10-17. I vintersæsonen (november-februar) mandag-fredag 9-16.30 og mellemsæsonen (marts, april og oktober) mandag til fredag 9-17.\nÆndrede åbningstider Jul, Nytår, Corona m.m.: https://www.kk.dk/toiletter/", "municipality": "København", "source": "FindToilet"}}, {"type": "Feature", "geometry": {"type": "Point", "coordinates": [12.57425, 55.665192]}, "properties": {"id": 132, "name": "Islands Brygge 20A", "city": "København S", "postalcode": 2300.0, "type": "Unisex", "accessible": 0, "payment": "Nej", "changing_table": "Nej", "water": "Ja", "description": "Placering: Islands Brygge\nÅbningstider:\nhelaarsaabent: Ja\ndoegnaabent: Ja\nÆndrede åbningstider Jul, Nytår, Corona m.m.: https://www.kk.dk/toiletter/", "municipality": "København", "source": "FindToilet"}}, {"type": "Feature", "geometry": {"type": "Point", "coordinates": [12.564604, 55.675858]}, "properties": {"id": 213, "name": "Jernbanegade 10", "city": "København V", "postalcode": 1608.0, "type": "Unisex", "accessible": 0, "payment": "Nej", "changing_table": "Nej", "water": "Nej", "description": "Placering: Axeltorv ved Cirkusbygningen\nÅbningstider:\nhelaarsaabent: Ja\ndoegnaabent: Ja\nÆndrede åbningstider Jul, Nytår, Corona m.m.: https://www.kk.dk/toiletter/", "municipality": "København", "source": "FindToilet"}}, {"type": "Feature", "geometry": {"type": "Point", "coordinates": [12.458448, 55.710409]}, "properties": {"id": 202, "name": "Kagsvang 31", "city": "Brønshøj", "postalcode": 2700.0, "type": "Unisex", "accessible": 0, "payment": "Ved ikke", "changing_table": "Ved ikke", "water": "Ved ikke", "description": "Placering: Park, Kagsmosen\nÅbningstider:\nÅbent fra 1. april til 30. september\nCa. 9.00 til 21:00\nÆndrede åbningstider Jul, Nytår, Corona m.m.: https://www.kk.dk/toiletter/", "municipality": "København", "source": "FindToilet"}}, {"type": "Feature", "geometry": {"type": "Point", "coordinates": [12.479076, 55.716927]}, "properties": {"id": 207, "name": "Kobbelvænget 15B", "city": "Brønshøj", "postalcode": 2700.0, "type": "Unisex", "accessible": 0, "payment": "Ved ikke", "changing_table": "Ved ikke", "water": "Ved ikke", "description": "Placering: Park, Bystævnet v. Vestvolden\nÅbningstider:\nÅbent fra 1. april til 30. september\nCa. 9.00 til 21:00\nÆndrede åbningstider Jul, Nytår, Corona m.m.: https://www.kk.dk/toiletter/", "municipality": "København", "source": "FindToilet"}}, {"type": "Feature", "geometry": {"type": "Point", "coordinates": [12.600802, 55.703656]}, "properties": {"id": 330, "name": "Langeliniekaj 63", "city": "København Ø", "postalcode": 2100.0, "type": "Unisex", "accessible": 0, "payment": "Ved ikke", "changing_table": "Ved ikke", "water": "Ved ikke", "description": "Placering: Gade, Langeliniekaj, yderst på kajen\nÅbningstider:\nÅbent fra 1. april til 30. september\nCa. 9.00 til 21:00\nÆndrede åbningstider Jul, Nytår, Corona m.m.: https://www.kk.dk/toiletter/", "municipality": "København", "source": "FindToilet"}}, {"type": "Feature", "geometry": {"type": "Point", "coordinates": [12.618609, 55.662526]}, "properties": {"id": 352, "name": "Lergravsvej 16", "city": "København S", "postalcode": 2300.0, "type": "Unisex", "accessible": 0, "payment": "Ved ikke", "changing_table": "Ved ikke", "water": "Ved ikke", "description": "Placering: Bemandet legeplads Lergravsparken\nÅbningstider:\nmandag: Følger legepladsens åbningstider\ntirsdag: Følger legepladsens åbningstider\nonsdag: Følger legepladsens åbningstider\ntorsdag: Følger legepladsens åbningstider\nfredag: Følger legepladsens åbningstider\nloerdag: Følger legepladsens åbningstider\nsoendag: Følger legepladsens åbningstider\ndoegnaabent: Nej\nbemaerkning: Sommersæson (maj til september) mandag-fredag kl. 9.30-18 undtagen om onsdagen, hvor der er åbent til 20 og søndag 10-17. I mellemsæsonen (marts, april og oktober) mandag-fredag 9.30-16. I vintersæsonen (november-februar) mandag - fredag 9.30-17.\nÆndrede åbningstider Jul, Nytår, Corona m.m.: https://www.kk.dk/toiletter/", "municipality": "København", "source": "FindToilet"}}, {"type": "Feature", "geometry": {"type": "Point", "coordinates": [12.522914, 55.722051]}, "properties": {"id": 203, "name": "Moseskellet 47", "city": "København NV", "postalcode": 2400.0, "type": "Unisex", "accessible": 0, "payment": "Ved ikke", "changing_table": "Ved ikke", "water": "Ved ikke", "description": "Placering: Park, Moseskellet\nÅbningstider:\nÅbent fra 1. april til 30. september\n9.00 til 21:00 (19.00 om vinteren)\nÆndrede åbningstider Jul, Nytår, Corona m.m.: https://www.kk.dk/toiletter/", "municipality": "København", "source": "FindToilet"}}, {"type": "Feature", "geometry": {"type": "Point", "coordinates": [12.50484, 55.712979]}, "properties": {"id": 204, "name": "Mosesvinget 1", "city": "København NV", "postalcode": 2400.0, "type": "Unisex", "accessible": 0, "payment": "Ved ikke", "changing_table": "Ved ikke", "water": "Ved ikke", "description": "Placering: Park, Mosesvinget\nÅbningstider:\nÅbent fra 1. april til 30. september\nCa. 9.00 til 21:00\nÆndrede åbningstider Jul, Nytår, Corona m.m.: https://www.kk.dk/toiletter/", "municipality": "København", "source": "FindToilet"}}, {"type": "Feature", "geometry": {"type": "Point", "coordinates": [12.47096, 55.704234]}, "properties": {"id": 355, "name": "Nordrupvej 16", "city": "Brønshøj", "postalcode": 2700.0, "type": "Unisex", "accessible": 0, "payment": "Ved ikke", "changing_table": "Ved ikke", "water": "Ved ikke", "description": "Placering: Bemandet legeplads Husumparken\nÅbningstider:\nmandag: Følger legepladsens åbningstider\ntirsdag: Følger legepladsens åbningstider\nonsdag: Følger legepladsens åbningstider\ntorsdag: Følger legepladsens åbningstider\nfredag: Følger legepladsens åbningstider\nloerdag: Følger legepladsens åbningstider\nsoendag: Følger legepladsens åbningstider\ndoegnaabent: Nej\nbemaerkning: sommersæsonen (maj-september) hverdage kl. 9.30-18.00 og søndag kl. 10-15 (undtagen juli). I vintersæsonen (november -februar) åbent 9.30-16 i hverdage. I mellemsæsonen(marts, april og oktober) åbent hverdage kl. 9.30-17.\nÆndrede åbningstider Jul, Nytår, Corona m.m.: https://www.kk.dk/toiletter/", "municipality": "København", "source": "FindToilet"}}, {"type": "Feature", "geometry": {"type": "Point", "coordinates": [12.566183, 55.682474]}, "properties": {"id": 172, "name": "Nørre Farimagsgade 6", "city": "København K", "postalcode": 1364.0, "type": "Unisex", "accessible": 0, "payment": "Ved ikke", "changing_table": "Ved ikke", "water": "Ved ikke", "description": "Placering: Park, Ørstedsparken, ved caféen\nÅbningstider:\nÅbent fra 1. april til 30. september\n10:00 - Cafeen lukker\nToilettet følger caféens åbningstider. Cafeen lukker alt afhængig af vejret\nÆndrede åbningstider Jul, Nytår, Corona m.m.: https://www.kk.dk/toiletter/", "municipality": "København", "source": "FindToilet"}}, {"type": "Feature", "geometry": {"type": "Point", "coordinates": [12.585553, 55.687614]}, "properties": {"id": 175, "name": "Olfert fischers gade 40", "city": "København K", "postalcode": 1311.0, "type": "Unisex", "accessible": 0, "payment": "Ved ikke", "changing_table": "Ved ikke", "water": "Ved ikke", "description": "Placering: Gade, Nyboder, Gammel Vagt\nÅbningstider:\nCa. 9.00 til 21:00 (19.00 om vinteren)\nÆndrede åbningstider Jul, Nytår, Corona m.m.: https://www.kk.dk/toiletter/", "municipality": "København", "source": "FindToilet"}}, {"type": "Feature", "geometry": {"type": "Point", "coordinates": [12.597272, 55.652669]}, "properties": {"id": 353, "name": "Peder Lykkes Vej 73", "city": "København S", "postalcode": 2300.0, "type": "Unisex", "accessible": 0, "payment": "Ved ikke", "changing_table": "Ved ikke", "water": "Ved ikke", "description": "Placering: Bemandet legeplads Remiseparken, Byggelegepladsen\nÅbningstider:\nmandag: Følger legepladsens åbningstider\ntirsdag: Følger legepladsens åbningstider\nonsdag: Følger legepladsens åbningstider\ntorsdag: Følger legepladsens åbningstider\nfredag: Følger legepladsens åbningstider\nloerdag: Følger legepladsens åbningstider\nsoendag: Følger legepladsens åbningstider\ndoegnaabent: Nej\nbemaerkning: Sommersæson maj-okt (uge 18-42) mandag-onsdag og fredag kl. 9.30-18.00, torsdag kl. 9.30-20.00, lørdag kl. 10.00-16.00. Mellemsæson (uge 10-17 + uge 43-45) mandag-fredag kl. 9.30-17.00. Vintersæson nov-feb (uge 46-9) mandag-fredag kl. 10.00-16.30\nÆndrede åbningstider Jul, Nytår, Corona m.m.: https://www.kk.dk/toiletter/", "municipality": "København", "source": "FindToilet"}}, {"type": "Feature", "geometry": {"type": "Point", "coordinates": [12.51138, 55.699655]}, "properties": {"id": 208, "name": "Rødkildevej 15", "city": "København NV", "postalcode": 2400.0, "type": "Unisex", "accessible": 0, "payment": "Ved ikke", "changing_table": "Ved ikke", "water": "Ved ikke", "description": "Placering: Park, Rødkildeparken\nÅbningstider:\nÅbent fra 1. april til 30. september\nCa. 9.00 til 21:00\nÆndrede åbningstider Jul, Nytår, Corona m.m.: https://www.kk.dk/toiletter/", "municipality": "København", "source": "FindToilet"}}, {"type": "Feature", "geometry": {"type": "Point", "coordinates": [12.572823, 55.705954]}, "properties": {"id": 323, "name": "Serridslevvej 15", "city": "København Ø", "postalcode": 2100.0, "type": "Unisex", "accessible": 0, "payment": "Nej", "changing_table": "Ved ikke", "water": "Ved ikke", "description": "Placering: Park, Fælledparken, Seridsslevvej syd\nÅbningstider:\nÅbent fra 1. april til 30. september\nCa. 9.00 til 21:00\nÆndrede åbningstider Jul, Nytår, Corona m.m.: https://www.kk.dk/toiletter/", "municipality": "København", "source": "FindToilet"}}, {"type": "Feature", "geometry": {"type": "Point", "coordinates": [12.541991, 55.694184]}, "properties": {"id": 358, "name": "Stefansgade 30", "city": "København N", "postalcode": 2200.0, "type": "Unisex", "accessible": 0, "payment": "Ved ikke", "changing_table": "Ved ikke", "water": "Ved ikke", "description": "Placering: Bemandet legeplads Nørrebroparken\nÅbningstider:\nmandag: Følger legepladsens åbningstider\ntirsdag: Følger legepladsens åbningstider\nonsdag: Følger legepladsens åbningstider\ntorsdag: Følger legepladsens åbningstider\nfredag: Følger legepladsens åbningstider\nloerdag: Følger legepladsens åbningstider\nsoendag: Følger legepladsens åbningstider\ndoegnaabent: Nej\nbemaerkning: Sommersæsonen (maj-september) hverdage 9-18 og lørdag 10-17. i skolernes sommerferie er der også åbent søndag kl 10-17. I vintersæsonen (oktober-april) åbent hverdage 9-16.30.\nÆndrede åbningstider Jul, Nytår, Corona m.m.: https://www.kk.dk/toiletter/", "municipality": "København", "source": "FindToilet"}}, {"type": "Feature", "geometry": {"type": "Point", "coordinates": [12.554982, 55.68727]}, "properties": {"id": 214, "name": "Stengade 48", "city": "København N", "postalcode": 2200.0, "type": "Unisex", "accessible": 0, "payment": "Nej", "changing_table": "Nej", "water": "Ja", "description": "Placering: Gade, Folkets park\nÅbningstider:\nHelårsåbent: ja\nDøgnåbent: Ja\nÆndrede åbningstider Jul, Nytår, Corona m.m.: https://www.kk.dk/toiletter/", "municipality": "København", "source": "FindToilet"}}, {"type": "Feature", "geometry": {"type": "Point", "coordinates": [12.579121, 55.690613]}, "properties": {"id": 176, "name": "Stockholmsgade 26", "city": "København Ø", "postalcode": 2100.0, "type": "Unisex", "accessible": 0, "payment": "Ved ikke", "changing_table": "Ved ikke", "water": "Ved ikke", "description": "Placering: Park, Østre Anlæg, nær legeplads\nÅbningstider:\nÅbent fra 1. april til 30. september\n9.00 til 21:00 (19.00 om vinteren)\nÆndrede åbningstider Jul, Nytår, Corona m.m.: https://www.kk.dk/toiletter/", "municipality": "København", "source": "FindToilet"}}, {"type": "Feature", "geometry": {"type": "Point", "coordinates": [12.555008, 55.672196]}, "properties": {"id": 39, "name": "Vesterbrogade 47", "city": "København V", "postalcode": 1620.0, "type": "Unisex", "accessible": 0, "payment": "Nej", "changing_table": "Ja", "water": "Ja", "description": "Placering: Gade, Underjordisk Vesterbro Torv\nÅbningstider:\n9.00-16.00 mandag-fredag, lukket i weekenden (kun åbent ved større arrangementer)\nÆndrede åbningstider Jul, Nytår, Corona m.m.: https://www.kk.dk/toiletter/\nUnderjordisk toilet - Dametoilet til højre og Herretoilet til venstre", "municipality": "København", "source": "FindToilet"}}, {"type": "Feature", "geometry": {"type": "Point", "coordinates": [12.530759, 55.66201]}, "properties": {"id": 327, "name": "Vestre Kirkegårds Allé 15", "city": "København SV", "postalcode": 2450.0, "type": "Unisex", "accessible": 0, "payment": "Nej", "changing_table": "Ved ikke", "water": "Ved ikke", "description": "Placering: Vestre Kirkegård https://www.kk.dk/artikel/vestre-kirkeg%C3%A5rd-mellem-sydhavnen-valby-o...\nÅbningstider:\nmandag: 7.00 - 22.00 / 7.00 - 19.00\ntirsdag: 7.00 - 22.00 / 7.00 - 19.00\nonsdag: 7.00 - 22.00 / 7.00 - 19.00\ntorsdag: 7.00 - 22.00 / 7.00 - 19.00\nfredag: 7.00 - 22.00 / 7.00 - 19.00\nloerdag: 7.00 - 22.00 / 7.00 - 19.00\nsoendag: 7.00 - 22.00 / 7.00 - 19.00\ndoegnaabent: Nej\nbemaerkning: Vinterhalvåret (oktober-marts) 07:00-19:00 Sommerhalvåret (april-september) 07:00-22:00\nÆndrede åbningstider Jul, Nytår, Corona m.m.: https://www.kk.dk/toiletter/", "municipality": "København", "source": "FindToilet"}}, {"type": "Feature", "geometry": {"type": "Point", "coordinates": [12.495449, 55.646122]}, "properties": {"id": 181, "name": "Vigerslevvej 346", "city": "Valby", "postalcode": 2500.0, "type": "Unisex", "accessible": 0, "payment": "Ved ikke", "changing_table": "Ved ikke", "water": "Ved ikke", "description": "Placering: Park, Vigerslevvej\nÅbningstider:\nÅbent fra 1. april til 30. september\nCa. 9.00 til 21:00\nÆndrede åbningstider Jul, Nytår, Corona m.m.: https://www.kk.dk/toiletter/", "municipality": "København", "source": "FindToilet"}}, {"type": "Feature", "geometry": {"type": "Point", "coordinates": [12.565102, 55.714445]}, "properties": {"id": 356, "name": "Vognmandsmarken 69", "city": "København Ø", "postalcode": 2100.0, "type": "Unisex", "accessible": 0, "payment": "Ved ikke", "changing_table": "Ved ikke", "water": "Ved ikke", "description": "Placering: Bemandet legeplads Kildevældsparken\nÅbningstider:\nmandag: Ca. 9.00 - 21.00 (19.00 om vinteren)\ntirsdag: Ca. 9.00 - 21.00 (19.00 om vinteren)\nonsdag: Ca. 9.00 - 21.00 (19.00 om vinteren)\ntorsdag: Ca. 9.00 - 21.00 (19.00 om vinteren)\nfredag: Ca. 9.00 - 21.00 (19.00 om vinteren)\nloerdag: Ca. 9.00 - 21.00 (19.00 om vinteren)\nsoendag: Ca. 9.00 - 21.00 (19.00 om vinteren)\ndoegnaabent: Nej\nÆndrede åbningstider Jul, Nytår, Corona m.m.: https://www.kk.dk/toiletter/", "municipality": "København", "source": "FindToilet"}}, {"type": "Feature", "geometry": {"type": "Point", "coordinates": [12.559995, 55.685969]}, "properties": {"id": 360, "name": "Wesselsgade 12", "city": "København N", "postalcode": 2200.0, "type": "Unisex", "accessible": 0, "payment": "Ved ikke", "changing_table": "Ved ikke", "water": "Ved ikke", "description": "Placering: Bemandet legeplads Wesselsgade\nÅbningstider:\nmandag: Følger legepladsens åbningstider\ntirsdag: Følger legepladsens åbningstider\nonsdag: Følger legepladsens åbningstider\ntorsdag: Følger legepladsens åbningstider\nfredag: Følger legepladsens åbningstider\nloerdag: Følger legepladsens åbningstider\nsoendag: Følger legepladsens åbningstider\ndoegnaabent: Nej\nbemaerkning: Sommersæsonen (maj-september) mandag-fredag kl. 9.30-17.30 og søndag kl. 10-17. I vintersæsonen (oktober - april) åbent på hverdage fra kl. 9.30-17.\nÆndrede åbningstider Jul, Nytår, Corona m.m.: https://www.kk.dk/toiletter/", "municipality": "København", "source": "FindToilet"}}, {"type": "Feature", "geometry": {"type": "Point", "coordinates": [12.583093, 55.638528]}, "properties": {"id": 133, "name": "Ørestads Boulevard 39", "city": "København S", "postalcode": 2300.0, "type": "Unisex", "accessible": 0, "payment": "Nej", "changing_table": "Nej", "water": "Nej", "description": "Placering: Bella Center Station\nÅbningstider:\nhelaarsaabent: Ja\ndoegnaabent: Ja\nÆndrede åbningstider Jul, Nytår, Corona m.m.: https://www.kk.dk/toiletter/", "municipality": "København", "source": "FindToilet"}}, {"type": "Feature", "geometry": {"type": "Point", "coordinates": [12.48911, 55.672384]}, "properties": {"id": 37, "name": "Ålholm Plads 2", "city": "Valby", "postalcode": 2500.0, "type": "Unisex", "accessible": 0, "payment": "Nej", "changing_table": "Nej", "water": "Nej", "description": "Placering: Ålholm Plads\nÅbningstider:\nhelaarsaabent: Ja\ndoegnaabent: Ja\nÆndrede åbningstider Jul, Nytår, Corona m.m.: https://www.kk.dk/toiletter/", "municipality": "København", "source": "FindToilet"}}, {"type": "Feature", "geometry": {"type": "Point", "coordinates": [12.59931787, 55.69034309]}, "properties": {"id": 1, "name": "Ved Hvidtfeldtmonumentet", "city": "København", "postalcode": NaN, "type": "Toilet med handicapadgang", "accessible": 1, "payment": "Unknown", "changing_table": "Unknown", "water": "Unknown", "description": "Langelinie 25", "municipality": "København", "source": "OpenDataDK_TMF"}}, {"type": "Feature", "geometry": {"type": "Point", "coordinates": [12.64058687, 55.65125043]}, "properties": {"id": 2, "name": "Ved Svend Vonveds Vej", "city": "København", "postalcode": NaN, "type": "Toilet med handicapadgang", "accessible": 1, "payment": "Unknown", "changing_table": "Unknown", "water": "Unknown", "description": "Amager Strandvej 219", "municipality": "København", "source": "OpenDataDK_TMF"}}, {"type": "Feature", "geometry": {"type": "Point", "coordinates": [12.63884305, 55.64888274]}, "properties": {"id": 3, "name": "Kastrup Fort", "city": "København", "postalcode": NaN, "type": "Toilet med handicapadgang", "accessible": 1, "payment": "Unknown", "changing_table": "Unknown", "water": "Unknown", "description": "Amager Strandvej 244", "municipality": "København", "source": "OpenDataDK_TMF"}}, {"type": "Feature", "geometry": {"type": "Point", "coordinates": [12.63244831, 55.66195618]}, "properties": {"id": 4, "name": "Amager Strandpark", "city": "København", "postalcode": NaN, "type": "Toilet", "accessible": 0, "payment": "Unknown", "changing_table": "Unknown", "water": "Unknown", "description": "Amager Strandvej 55", "municipality": "København", "source": "OpenDataDK_TMF"}}, {"type": "Feature", "geometry": {"type": "Point", "coordinates": [12.57935193, 55.67881724]}, "properties": {"id": 5, "name": "Amagertorv", "city": "København", "postalcode": NaN, "type": "Toilet med personale", "accessible": 0, "payment": "Unknown", "changing_table": "Unknown", "water": "Unknown", "description": "Amagertorv 1F", "municipality": "København", "source": "OpenDataDK_TMF"}}, {"type": "Feature", "geometry": {"type": "Point", "coordinates": [12.54836404, 55.70130663]}, "properties": {"id": 6, "name": "Balders Plads", "city": "København", "postalcode": NaN, "type": "Toilet med handicapadgang", "accessible": 1, "payment": "Unknown", "changing_table": "Unknown", "water": "Unknown", "description": "Baldersgade 60", "municipality": "København", "source": "OpenDataDK_TMF"}}, {"type": "Feature", "geometry": {"type": "Point", "coordinates": [12.56457404, 55.6803745]}, "properties": {"id": 7, "name": "Ørstedsparken", "city": "København", "postalcode": NaN, "type": "Toilet med handicapadgang", "accessible": 1, "payment": "Unknown", "changing_table": "Unknown", "water": "Unknown", "description": "Nørre Farimagsgade 2A", "municipality": "København", "source": "OpenDataDK_TMF"}}, {"type": "Feature", "geometry": {"type": "Point", "coordinates": [12.55699773, 55.68625361]}, "properties": {"id": 8, "name": "Blågårds Plads", "city": "København", "postalcode": NaN, "type": "Pissoir", "accessible": 0, "payment": "Unknown", "changing_table": "Unknown", "water": "Unknown", "description": "Blågårds Plads 5B", "municipality": "København", "source": "OpenDataDK_TMF"}}, {"type": "Feature", "geometry": {"type": "Point", "coordinates": [12.58373004, 55.68212314]}, "properties": {"id": 9, "name": "Borgergade", "city": "København", "postalcode": NaN, "type": "Toilet med handicapadgang", "accessible": 1, "payment": "Unknown", "changing_table": "Unknown", "water": "Unknown", "description": "Borgergade 1F", "municipality": "København", "source": "OpenDataDK_TMF"}}, {"type": "Feature", "geometry": {"type": "Point", "coordinates": [12.57368016, 55.6792527]}, "properties": {"id": 10, "name": "Vor Frue Plads", "city": "København", "postalcode": NaN, "type": "Toilet", "accessible": 0, "payment": "Unknown", "changing_table": "Unknown", "water": "Unknown", "description": "Dyrkøb 2", "municipality": "København", "source": "OpenDataDK_TMF"}}, {"type": "Feature", "geometry": {"type": "Point", "coordinates": [12.58419923, 55.69243468]}, "properties": {"id": 11, "name": "Østre Anlæg, Huset", "city": "København", "postalcode": NaN, "type": "Toilet med handicapadgang", "accessible": 1, "payment": "Unknown", "changing_table": "Unknown", "water": "Unknown", "description": "Stockholmsgade 62", "municipality": "København", "source": "OpenDataDK_TMF"}}, {"type": "Feature", "geometry": {"type": "Point", "coordinates": [12.52948998, 55.72301254]}, "properties": {"id": 12, "name": "Emdrup Torv", "city": "København", "postalcode": NaN, "type": "Toilet med handicapadgang", "accessible": 1, "payment": "Unknown", "changing_table": "Unknown", "water": "Unknown", "description": "Emdrupvej 185", "municipality": "København", "source": "OpenDataDK_TMF"}}, {"type": "Feature", "geometry": {"type": "Point", "coordinates": [12.54527523, 55.66709368]}, "properties": {"id": 13, "name": "Enghave Plads", "city": "København", "postalcode": NaN, "type": "Toilet med handicapadgang", "accessible": 1, "payment": "Unknown", "changing_table": "Unknown", "water": "Unknown", "description": "Enghave Plads 13B", "municipality": "København", "source": "OpenDataDK_TMF"}}, {"type": "Feature", "geometry": {"type": "Point", "coordinates": [12.51438562, 55.71672555]}, "properties": {"id": 14, "name": "Ved Utterslev Friluftskreds", "city": "København", "postalcode": NaN, "type": "Toilet med handicapadgang", "accessible": 1, "payment": "Unknown", "changing_table": "Unknown", "water": "Unknown", "description": "Engsvinget 46", "municipality": "København", "source": "OpenDataDK_TMF"}}, {"type": "Feature", "geometry": {"type": "Point", "coordinates": [12.56954435, 55.68433408]}, "properties": {"id": 15, "name": "Israels Plads", "city": "København", "postalcode": NaN, "type": "Toilet med personale", "accessible": 0, "payment": "Unknown", "changing_table": "Unknown", "water": "Unknown", "description": "Frederiksborggade 21", "municipality": "København", "source": "OpenDataDK_TMF"}}, {"type": "Feature", "geometry": {"type": "Point", "coordinates": [12.57068815, 55.70318146]}, "properties": {"id": 16, "name": "Fælledparken,  Kiosken", "city": "København", "postalcode": NaN, "type": "Toilet med handicapadgang", "accessible": 1, "payment": "Unknown", "changing_table": "Unknown", "water": "Unknown", "description": "Per Henrik Lings Allé 5", "municipality": "København", "source": "OpenDataDK_TMF"}}, {"type": "Feature", "geometry": {"type": "Point", "coordinates": [12.56128892, 55.67057461]}, "properties": {"id": 17, "name": "Halmtorvet", "city": "København", "postalcode": NaN, "type": "Toilet med handicapadgang", "accessible": 1, "payment": "Unknown", "changing_table": "Unknown", "water": "Unknown", "description": "Halmtorvet 12A", "municipality": "København", "source": "OpenDataDK_TMF"}}, {"type": "Feature", "geometry": {"type": "Point", "coordinates": [12.5883914, 55.67631318]}, "properties": {"id": 18, "name": "Havnegade", "city": "København", "postalcode": NaN, "type": "Toilet med handicapadgang", "accessible": 1, "payment": "Unknown", "changing_table": "Unknown", "water": "Unknown", "description": "Havnegade 20", "municipality": "København", "source": "OpenDataDK_TMF"}}, {"type": "Feature", "geometry": {"type": "Point", "coordinates": [12.57279594, 55.70597554]}, "properties": {"id": 19, "name": "Fælledparken, Serridslevvej Syd", "city": "København", "postalcode": NaN, "type": "Toilet", "accessible": 0, "payment": "Unknown", "changing_table": "Unknown", "water": "Unknown", "description": "Serridslevvej 15", "municipality": "København", "source": "OpenDataDK_TMF"}}, {"type": "Feature", "geometry": {"type": "Point", "coordinates": [12.57392874, 55.66535379]}, "properties": {"id": 20, "name": "Islands Brygge ovf nr 37", "city": "København", "postalcode": NaN, "type": "Toilet med handicapadgang", "accessible": 1, "payment": "Unknown", "changing_table": "Unknown", "water": "Unknown", "description": "Islands Brygge 20B", "municipality": "København", "source": "OpenDataDK_TMF"}}, {"type": "Feature", "geometry": {"type": "Point", "coordinates": [12.56054136, 55.67168964]}, "properties": {"id": 21, "name": "Maria Kirkeplads", "city": "København", "postalcode": NaN, "type": "Pissoir", "accessible": 0, "payment": "Unknown", "changing_table": "Unknown", "water": "Unknown", "description": "Istedgade 20", "municipality": "København", "source": "OpenDataDK_TMF"}}, {"type": "Feature", "geometry": {"type": "Point", "coordinates": [12.4581903, 55.71012074]}, "properties": {"id": 22, "name": "Kagsmosen", "city": "København", "postalcode": NaN, "type": "Toilet med handicapadgang", "accessible": 1, "payment": "Unknown", "changing_table": "Unknown", "water": "Unknown", "description": "Kagsvang 31", "municipality": "København", "source": "OpenDataDK_TMF"}}, {"type": "Feature", "geometry": {"type": "Point", "coordinates": [12.6182165, 55.65669457]}, "properties": {"id": 23, "name": "Kapel i Sundby Kirkegård", "city": "København", "postalcode": NaN, "type": "Toilet", "accessible": 0, "payment": "Unknown", "changing_table": "Unknown", "water": "Unknown", "description": "Kastrupvej  53", "municipality": "København", "source": "OpenDataDK_TMF"}}, {"type": "Feature", "geometry": {"type": "Point", "coordinates": [12.57339465, 55.66783066]}, "properties": {"id": 24, "name": "Kalvebod Bølge", "city": "København", "postalcode": NaN, "type": "Toilet med handicapadgang", "accessible": 1, "payment": "Unknown", "changing_table": "Unknown", "water": "Unknown", "description": "Kalvebod Brygge 7", "municipality": "København", "source": "OpenDataDK_TMF"}}, {"type": "Feature", "geometry": {"type": "Point", "coordinates": [12.55392936, 55.68665143]}, "properties": {"id": 25, "name": "Tæt på Folkets Park", "city": "København", "postalcode": NaN, "type": "Pissoir", "accessible": 0, "payment": "Unknown", "changing_table": "Unknown", "water": "Unknown", "description": "Korsgade  58B", "municipality": "København", "source": "OpenDataDK_TMF"}}, {"type": "Feature", "geometry": {"type": "Point", "coordinates": [12.60073886, 55.70345069]}, "properties": {"id": 26, "name": "Yderst på kajen", "city": "København", "postalcode": NaN, "type": "Toilet", "accessible": 0, "payment": "Unknown", "changing_table": "Unknown", "water": "Unknown", "description": "Langeliniekaj 61", "municipality": "København", "source": "OpenDataDK_TMF"}}, {"type": "Feature", "geometry": {"type": "Point", "coordinates": [12.5602285, 55.71294502]}, "properties": {"id": 27, "name": "Hans Knudsens Plads", "city": "København", "postalcode": NaN, "type": "Toilet med handicapadgang", "accessible": 1, "payment": "Unknown", "changing_table": "Unknown", "water": "Unknown", "description": "Lyngbyvej 90", "municipality": "København", "source": "OpenDataDK_TMF"}}, {"type": "Feature", "geometry": {"type": "Point", "coordinates": [12.57125307, 55.70680751]}, "properties": {"id": 28, "name": "Fælledparken, Serridslevvej Nord", "city": "København", "postalcode": NaN, "type": "Toilet med handicapadgang", "accessible": 1, "payment": "Unknown", "changing_table": "Unknown", "water": "Unknown", "description": "Serridslevvej 35", "municipality": "København", "source": "OpenDataDK_TMF"}}, {"type": "Feature", "geometry": {"type": "Point", "coordinates": [12.5855636, 55.70356481]}, "properties": {"id": 29, "name": "Melchiors Plads", "city": "København", "postalcode": NaN, "type": "Toilet med handicapadgang", "accessible": 1, "payment": "Unknown", "changing_table": "Unknown", "water": "Unknown", "description": "Melchiors Plads 8", "municipality": "København", "source": "OpenDataDK_TMF"}}, {"type": "Feature", "geometry": {"type": "Point", "coordinates": [12.52296405, 55.72205527]}, "properties": {"id": 30, "name": "Moseskellet, Utterslev Mose", "city": "København", "postalcode": NaN, "type": "Toilet", "accessible": 0, "payment": "Unknown", "changing_table": "Unknown", "water": "Unknown", "description": "Moseskellet 47", "municipality": "København", "source": "OpenDataDK_TMF"}}, {"type": "Feature", "geometry": {"type": "Point", "coordinates": [12.50480308, 55.71299097]}, "properties": {"id": 31, "name": "Mosesvinget", "city": "København", "postalcode": NaN, "type": "Toilet", "accessible": 0, "payment": "Unknown", "changing_table": "Unknown", "water": "Unknown", "description": "Mosesvinget 1", "municipality": "København", "source": "OpenDataDK_TMF"}}, {"type": "Feature", "geometry": {"type": "Point", "coordinates": [12.53363249, 55.64879805]}, "properties": {"id": 32, "name": "Mozarts Plads metrotoilet", "city": "København", "postalcode": NaN, "type": "Toilet med handicapadgang", "accessible": 1, "payment": "Unknown", "changing_table": "Unknown", "water": "Unknown", "description": "Mozarts Plads 2A", "municipality": "København", "source": "OpenDataDK_TMF"}}, {"type": "Feature", "geometry": {"type": "Point", "coordinates": [12.58182075, 55.6790111]}, "properties": {"id": 33, "name": "Nikolaj Plads", "city": "København", "postalcode": NaN, "type": "Pissoir", "accessible": 0, "payment": "Unknown", "changing_table": "Unknown", "water": "Unknown", "description": "Nikolaj Plads 10B", "municipality": "København", "source": "OpenDataDK_TMF"}}, {"type": "Feature", "geometry": {"type": "Point", "coordinates": [12.58780986, 55.68055117]}, "properties": {"id": 34, "name": "Nyhavn", "city": "København", "postalcode": NaN, "type": "Toilet med personale", "accessible": 0, "payment": "Unknown", "changing_table": "Unknown", "water": "Unknown", "description": "Nyhavn 1F", "municipality": "København", "source": "OpenDataDK_TMF"}}, {"type": "Feature", "geometry": {"type": "Point", "coordinates": [12.59100073, 55.67955187]}, "properties": {"id": 35, "name": "Nyhavnsbroen - Nyhavn 28", "city": "København", "postalcode": NaN, "type": "Toilet", "accessible": 0, "payment": "Unknown", "changing_table": "Unknown", "water": "Unknown", "description": "Nyhavn 28", "municipality": "København", "source": "OpenDataDK_TMF"}}, {"type": "Feature", "geometry": {"type": "Point", "coordinates": [12.5539796, 55.64646158]}, "properties": {"id": 36, "name": "Havnebadet Sluseholmen", "city": "København", "postalcode": NaN, "type": "Toilet med handicapadgang", "accessible": 1, "payment": "Unknown", "changing_table": "Unknown", "water": "Unknown", "description": "Ben Websters Vej 69", "municipality": "København", "source": "OpenDataDK_TMF"}}, {"type": "Feature", "geometry": {"type": "Point", "coordinates": [12.59121414, 55.67980909]}, "properties": {"id": 37, "name": "Nyhavnsbroen - Nyhavn 47C", "city": "København", "postalcode": NaN, "type": "Toilet", "accessible": 0, "payment": "Unknown", "changing_table": "Unknown", "water": "Unknown", "description": "Nyhavn 47C", "municipality": "København", "source": "OpenDataDK_TMF"}}, {"type": "Feature", "geometry": {"type": "Point", "coordinates": [12.57267771, 55.67756767]}, "properties": {"id": 38, "name": "V. Domhuset", "city": "København", "postalcode": NaN, "type": "Pissoir", "accessible": 0, "payment": "Unknown", "changing_table": "Unknown", "water": "Unknown", "description": "Nytorv 29A", "municipality": "København", "source": "OpenDataDK_TMF"}}, {"type": "Feature", "geometry": {"type": "Point", "coordinates": [12.61855887, 55.65398371]}, "properties": {"id": 39, "name": "Fillipsparken", "city": "København", "postalcode": NaN, "type": "Toilet med handicapadgang", "accessible": 1, "payment": "Unknown", "changing_table": "Unknown", "water": "Unknown", "description": "Kastrupvej 74", "municipality": "København", "source": "OpenDataDK_TMF"}}, {"type": "Feature", "geometry": {"type": "Point", "coordinates": [12.56237378, 55.69900491]}, "properties": {"id": 40, "name": "Fælledparken, Bikuben", "city": "København", "postalcode": NaN, "type": "Toilet", "accessible": 0, "payment": "Unknown", "changing_table": "Unknown", "water": "Unknown", "description": "Edel Sauntes Allé 1", "municipality": "København", "source": "OpenDataDK_TMF"}}, {"type": "Feature", "geometry": {"type": "Point", "coordinates": [12.48643284, 55.70883969]}, "properties": {"id": 41, "name": "Pilesvinget", "city": "København", "postalcode": NaN, "type": "Toilet med handicapadgang", "accessible": 1, "payment": "Unknown", "changing_table": "Unknown", "water": "Unknown", "description": "Pilesvinget 80", "municipality": "København", "source": "OpenDataDK_TMF"}}, {"type": "Feature", "geometry": {"type": "Point", "coordinates": [12.54283907, 55.69499752]}, "properties": {"id": 42, "name": "Nørrebroparken", "city": "København", "postalcode": NaN, "type": "Toilet med handicapadgang", "accessible": 1, "payment": "Unknown", "changing_table": "Unknown", "water": "Unknown", "description": "Stefansgade 24", "municipality": "København", "source": "OpenDataDK_TMF"}}, {"type": "Feature", "geometry": {"type": "Point", "coordinates": [12.61332563, 55.64662185]}, "properties": {"id": 43, "name": "Sundbyvester Plads", "city": "København", "postalcode": NaN, "type": "Toilet med handicapadgang", "accessible": 1, "payment": "Unknown", "changing_table": "Unknown", "water": "Unknown", "description": "Sundbyvester Plads 2A", "municipality": "København", "source": "OpenDataDK_TMF"}}, {"type": "Feature", "geometry": {"type": "Point", "coordinates": [12.56538713, 55.70070676]}, "properties": {"id": 44, "name": "Fælledparken, Det røde toilet (som er hvidt)", "city": "København", "postalcode": NaN, "type": "Toilet med handicapadgang", "accessible": 1, "payment": "Unknown", "changing_table": "Unknown", "water": "Unknown", "description": "Edel Sauntes Allé 18", "municipality": "København", "source": "OpenDataDK_TMF"}}, {"type": "Feature", "geometry": {"type": "Point", "coordinates": [12.55146009, 55.66613717]}, "properties": {"id": 45, "name": "Sønder Boulevard", "city": "København", "postalcode": NaN, "type": "Toilet med handicapadgang", "accessible": 1, "payment": "Unknown", "changing_table": "Unknown", "water": "Unknown", "description": "Sønder Boulevard 60B", "municipality": "København", "source": "OpenDataDK_TMF"}}, {"type": "Feature", "geometry": {"type": "Point", "coordinates": [12.51757985, 55.66184412]}, "properties": {"id": 46, "name": "Toftegårds Plads", "city": "København", "postalcode": NaN, "type": "Toilet med handicapadgang", "accessible": 1, "payment": "Unknown", "changing_table": "Unknown", "water": "Unknown", "description": "Toftegårds Plads 2F", "municipality": "København", "source": "OpenDataDK_TMF"}}, {"type": "Feature", "geometry": {"type": "Point", "coordinates": [12.51740475, 55.66230564]}, "properties": {"id": 47, "name": "Toftegårds Plads", "city": "København", "postalcode": NaN, "type": "Pissoir", "accessible": 0, "payment": "Unknown", "changing_table": "Unknown", "water": "Unknown", "description": "Toftegårds Plads 6F", "municipality": "København", "source": "OpenDataDK_TMF"}}, {"type": "Feature", "geometry": {"type": "Point", "coordinates": [12.57758463, 55.69932314]}, "properties": {"id": 48, "name": "Trianglen", "city": "København", "postalcode": NaN, "type": "Toilet med personale og handicapadgang", "accessible": 1, "payment": "Unknown", "changing_table": "Unknown", "water": "Unknown", "description": "Østerbrogade 29B", "municipality": "København", "source": "OpenDataDK_TMF"}}, {"type": "Feature", "geometry": {"type": "Point", "coordinates": [12.51700676, 55.71001927]}, "properties": {"id": 49, "name": "Utterslev Torv", "city": "København", "postalcode": NaN, "type": "Pissoir", "accessible": 0, "payment": "Unknown", "changing_table": "Unknown", "water": "Unknown", "description": "Utterslev Torv  9", "municipality": "København", "source": "OpenDataDK_TMF"}}, {"type": "Feature", "geometry": {"type": "Point", "coordinates": [12.51429445, 55.6661493]}, "properties": {"id": 50, "name": "Valby Tingsted", "city": "København", "postalcode": NaN, "type": "Toilet med handicapadgang", "accessible": 1, "payment": "Unknown", "changing_table": "Unknown", "water": "Unknown", "description": "Valby Tingsted 1B", "municipality": "København", "source": "OpenDataDK_TMF"}}, {"type": "Feature", "geometry": {"type": "Point", "coordinates": [12.58087568, 55.67761346]}, "properties": {"id": 51, "name": "Ved Stranden", "city": "København", "postalcode": NaN, "type": "Toilet med handicapadgang", "accessible": 1, "payment": "Unknown", "changing_table": "Unknown", "water": "Unknown", "description": "Ved Stranden 18A", "municipality": "København", "source": "OpenDataDK_TMF"}}, {"type": "Feature", "geometry": {"type": "Point", "coordinates": [12.55531332, 55.67222485]}, "properties": {"id": 52, "name": "Vesterbros Torv", "city": "København", "postalcode": NaN, "type": "Toilet med personale", "accessible": 0, "payment": "Unknown", "changing_table": "Unknown", "water": "Unknown", "description": "Vesterbrogade 47F", "municipality": "København", "source": "OpenDataDK_TMF"}}, {"type": "Feature", "geometry": {"type": "Point", "coordinates": [12.49550011, 55.64611553]}, "properties": {"id": 53, "name": "Nær Legepladsen i Vigerslevsparken", "city": "København", "postalcode": NaN, "type": "Toilet med handicapadgang", "accessible": 1, "payment": "Unknown", "changing_table": "Unknown", "water": "Unknown", "description": "Vigerslevvej 346", "municipality": "København", "source": "OpenDataDK_TMF"}}, {"type": "Feature", "geometry": {"type": "Point", "coordinates": [12.58309339, 55.63852813]}, "properties": {"id": 54, "name": "Metrostation Bella Center", "city": "København", "postalcode": NaN, "type": "Toilet", "accessible": 0, "payment": "Unknown", "changing_table": "Unknown", "water": "Unknown", "description": "Ørestads Boulevard 39", "municipality": "København", "source": "OpenDataDK_TMF"}}, {"type": "Feature", "geometry": {"type": "Point", "coordinates": [12.55498197, 55.6872704]}, "properties": {"id": 55, "name": "Folkets Park", "city": "København", "postalcode": NaN, "type": "Toilet", "accessible": 0, "payment": "Unknown", "changing_table": "Unknown", "water": "Unknown", "description": "Stengade 48", "municipality": "København", "source": "OpenDataDK_TMF"}}, {"type": "Feature", "geometry": {"type": "Point", "coordinates": [12.57991234, 55.63326538]}, "properties": {"id": 56, "name": "Ørestadsparken", "city": "København", "postalcode": NaN, "type": "Toilet med handicapadgang", "accessible": 1, "payment": "Unknown", "changing_table": "Unknown", "water": "Unknown", "description": "Ørestads Boulevard 66", "municipality": "København", "source": "OpenDataDK_TMF"}}, {"type": "Feature", "geometry": {"type": "Point", "coordinates": [12.5734167, 55.69992362]}, "properties": {"id": 57, "name": "Fælledparken, Sansehaven", "city": "København", "postalcode": NaN, "type": "Toilet med handicapadgang", "accessible": 1, "payment": "Unknown", "changing_table": "Unknown", "water": "Unknown", "description": "Øster Allé 1E", "municipality": "København", "source": "OpenDataDK_TMF"}}, {"type": "Feature", "geometry": {"type": "Point", "coordinates": [12.48904112, 55.67237669]}, "properties": {"id": 58, "name": "Ålholm Plads", "city": "København", "postalcode": NaN, "type": "Toilet", "accessible": 0, "payment": "Unknown", "changing_table": "Unknown", "water": "Unknown", "description": "Ålholm Plads 2", "municipality": "København", "source": "OpenDataDK_TMF"}}, {"type": "Feature", "geometry": {"type": "Point", "coordinates": [12.58551705, 55.68764203]}, "properties": {"id": 59, "name": "Nyboder, Gammel Vagt ifm legeplads ubemandet", "city": "København", "postalcode": NaN, "type": "Toilet", "accessible": 0, "payment": "Unknown", "changing_table": "Unknown", "water": "Unknown", "description": "Olfert Fischers Gade 40", "municipality": "København", "source": "OpenDataDK_TMF"}}, {"type": "Feature", "geometry": {"type": "Point", "coordinates": [12.57390391, 55.68230559]}, "properties": {"id": 60, "name": "Kultorvet", "city": "København", "postalcode": NaN, "type": "Toilet med handicapadgang", "accessible": 1, "payment": "Unknown", "changing_table": "Unknown", "water": "Unknown", "description": "Kultorvet  9B", "municipality": "København", "source": "OpenDataDK_TMF"}}, {"type": "Feature", "geometry": {"type": "Point", "coordinates": [12.55649498, 55.6864188]}, "properties": {"id": 61, "name": "Blågårds Plads", "city": "København", "postalcode": NaN, "type": "Toilet med handicapadgang", "accessible": 1, "payment": "Unknown", "changing_table": "Unknown", "water": "Unknown", "description": "Blågårds Plads  11", "municipality": "København", "source": "OpenDataDK_TMF"}}, {"type": "Feature", "geometry": {"type": "Point", "coordinates": [12.57790728, 55.71485837]}, "properties": {"id": 62, "name": "Sporsløjfen", "city": "København", "postalcode": NaN, "type": "Toilet med handicapadgang", "accessible": 1, "payment": "Unknown", "changing_table": "Unknown", "water": "Unknown", "description": "Østerbrogade 244", "municipality": "København", "source": "OpenDataDK_TMF"}}, {"type": "Feature", "geometry": {"type": "Point", "coordinates": [12.57430414, 55.66522098]}, "properties": {"id": 63, "name": "Islands Brygge ovf nr 37", "city": "København", "postalcode": NaN, "type": "Toilet", "accessible": 0, "payment": "Unknown", "changing_table": "Unknown", "water": "Unknown", "description": "Islands Brygge 20A", "municipality": "København", "source": "OpenDataDK_TMF"}}, {"type": "Feature", "geometry": {"type": "Point", "coordinates": [12.5954231, 55.67510493]}, "properties": {"id": 64, "name": "Overgaden Oven Vandet", "city": "København", "postalcode": NaN, "type": "Pissoir", "accessible": 0, "payment": "Unknown", "changing_table": "Unknown", "water": "Unknown", "description": "Overgaden Oven Vandet 64A", "municipality": "København", "source": "OpenDataDK_TMF"}}, {"type": "Feature", "geometry": {"type": "Point", "coordinates": [12.5661838, 55.6824704]}, "properties": {"id": 65, "name": "Ørstedsparken V. Caféen", "city": "København", "postalcode": NaN, "type": "Toilet", "accessible": 0, "payment": "Unknown", "changing_table": "Unknown", "water": "Unknown", "description": "Nørre Farimagsgade  6", "municipality": "København", "source": "OpenDataDK_TMF"}}, {"type": "Feature", "geometry": {"type": "Point", "coordinates": [12.57934751, 55.66464856]}, "properties": {"id": 66, "name": "Gunløgsgade, Legeplads", "city": "København", "postalcode": NaN, "type": "Toilet", "accessible": 0, "payment": "Unknown", "changing_table": "Unknown", "water": "Unknown", "description": "Gunløgsgade 26B", "municipality": "København", "source": "OpenDataDK_TMF"}}, {"type": "Feature", "geometry": {"type": "Point", "coordinates": [12.54135874, 55.70472649]}, "properties": {"id": 67, "name": "Mimersparken", "city": "København", "postalcode": NaN, "type": "Toilet", "accessible": 0, "payment": "Unknown", "changing_table": "Unknown", "water": "Unknown", "description": "Borgmestervangen 51", "municipality": "København", "source": "OpenDataDK_TMF"}}, {"type": "Feature", "geometry": {"type": "Point", "coordinates": [12.600501, 55.66104719]}, "properties": {"id": 68, "name": "Kornblomsparken, legeplads", "city": "København", "postalcode": NaN, "type": "Toilet", "accessible": 0, "payment": "Unknown", "changing_table": "Unknown", "water": "Unknown", "description": "Øselsgade 5", "municipality": "København", "source": "OpenDataDK_TMF"}}, {"type": "Feature", "geometry": {"type": "Point", "coordinates": [12.57656143, 55.69820526]}, "properties": {"id": 69, "name": "Blegdamsremisen, indendørs legeplads", "city": "København", "postalcode": NaN, "type": "Toilet", "accessible": 0, "payment": "Unknown", "changing_table": "Unknown", "water": "Unknown", "description": "Blegdamsvej 132A", "municipality": "København", "source": "OpenDataDK_TMF"}}, {"type": "Feature", "geometry": {"type": "Point", "coordinates": [12.55727088, 55.6923105]}, "properties": {"id": 70, "name": "ByOasen legeplads", "city": "København", "postalcode": NaN, "type": "Toilet", "accessible": 0, "payment": "Unknown", "changing_table": "Unknown", "water": "Unknown", "description": "Møllegade  25E", "municipality": "København", "source": "OpenDataDK_TMF"}}, {"type": "Feature", "geometry": {"type": "Point", "coordinates": [12.52186387, 55.70478572]}, "properties": {"id": 71, "name": "Hulgårds Plads , Legeplads", "city": "København", "postalcode": NaN, "type": "Toilet", "accessible": 0, "payment": "Unknown", "changing_table": "Unknown", "water": "Unknown", "description": "Hulgårds Plads 6", "municipality": "København", "source": "OpenDataDK_TMF"}}, {"type": "Feature", "geometry": {"type": "Point", "coordinates": [12.52492849, 55.7106102]}, "properties": {"id": 72, "name": "Degnestavnen", "city": "København", "postalcode": NaN, "type": "Toilet", "accessible": 0, "payment": "Unknown", "changing_table": "Unknown", "water": "Unknown", "description": "Degnestavnen 20", "municipality": "København", "source": "OpenDataDK_TMF"}}, {"type": "Feature", "geometry": {"type": "Point", "coordinates": [12.56413121, 55.7003984]}, "properties": {"id": 73, "name": "Fælledparken, Soppesøen", "city": "København", "postalcode": NaN, "type": "Toilet", "accessible": 0, "payment": "Unknown", "changing_table": "Unknown", "water": "Unknown", "description": "Edel Sauntes Allé 9", "municipality": "København", "source": "OpenDataDK_TMF"}}, {"type": "Feature", "geometry": {"type": "Point", "coordinates": [12.56988529, 55.69737028]}, "properties": {"id": 74, "name": "Fælledparken, Tårnlegepladsen", "city": "København", "postalcode": NaN, "type": "Toilet med handicapadgang", "accessible": 1, "payment": "Unknown", "changing_table": "Unknown", "water": "Unknown", "description": "Frederik V's Vej 4", "municipality": "København", "source": "OpenDataDK_TMF"}}, {"type": "Feature", "geometry": {"type": "Point", "coordinates": [12.54110699, 55.66781665]}, "properties": {"id": 75, "name": "Enghaveparken", "city": "København", "postalcode": NaN, "type": "Toilet", "accessible": 0, "payment": "Unknown", "changing_table": "Unknown", "water": "Unknown", "description": "Ejderstedgade 3", "municipality": "København", "source": "OpenDataDK_TMF"}}, {"type": "Feature", "geometry": {"type": "Point", "coordinates": [12.54919751, 55.69987935]}, "properties": {"id": 76, "name": "BaNanna Park", "city": "København", "postalcode": NaN, "type": "Toilet med handicapadgang", "accessible": 1, "payment": "Unknown", "changing_table": "Unknown", "water": "Unknown", "description": "Nannasgade 6", "municipality": "København", "source": "OpenDataDK_TMF"}}, {"type": "Feature", "geometry": {"type": "Point", "coordinates": [12.49137906, 55.68129927]}, "properties": {"id": 77, "name": "Legeplads Grøndal Parken ved Langdraget", "city": "København", "postalcode": NaN, "type": "Toilet med handicapadgang", "accessible": 1, "payment": "Unknown", "changing_table": "Unknown", "water": "Unknown", "description": "Grøndals Parkvej 125", "municipality": "København", "source": "OpenDataDK_TMF"}}, {"type": "Feature", "geometry": {"type": "Point", "coordinates": [12.62758471, 55.6495484]}, "properties": {"id": 78, "name": "Formosavej 3, Trafiklegeplads", "city": "København", "postalcode": NaN, "type": "Toilet med handicapadgang", "accessible": 1, "payment": "Unknown", "changing_table": "Unknown", "water": "Unknown", "description": "Formosavej 2", "municipality": "København", "source": "OpenDataDK_TMF"}}, {"type": "Feature", "geometry": {"type": "Point", "coordinates": [12.54057819, 55.66679451]}, "properties": {"id": 79, "name": "Enghaveparken", "city": "København", "postalcode": NaN, "type": "Toilet med handicapadgang", "accessible": 1, "payment": "Unknown", "changing_table": "Unknown", "water": "Unknown", "description": "Ejderstedgade 5", "municipality": "København", "source": "OpenDataDK_TMF"}}, {"type": "Feature", "geometry": {"type": "Point", "coordinates": [12.59742416, 55.70627874]}, "properties": {"id": 80, "name": "Det Flydende Aktivitetshus", "city": "København", "postalcode": NaN, "type": "Toilet med handicapadgang", "accessible": 1, "payment": "Unknown", "changing_table": "Unknown", "water": "Unknown", "description": "Sandkaj 30", "municipality": "København", "source": "OpenDataDK_TMF"}}, {"type": "Feature", "geometry": {"type": "Point", "coordinates": [12.53762621, 55.65511288]}, "properties": {"id": 81, "name": "Sydhavn Station", "city": "København", "postalcode": NaN, "type": "Toilet med handicapadgang", "accessible": 1, "payment": "Unknown", "changing_table": "Unknown", "water": "Unknown", "description": "Ernst Kapers Vej 1", "municipality": "København", "source": "OpenDataDK_TMF"}}, {"type": "Feature", "geometry": {"type": "Point", "coordinates": [12.56170397, 55.67002809]}, "properties": {"id": 82, "name": "Den Brune Kødby", "city": "København", "postalcode": NaN, "type": "Toilet", "accessible": 0, "payment": "Unknown", "changing_table": "Unknown", "water": "Unknown", "description": "Halmtorvet 9C", "municipality": "København", "source": "OpenDataDK_TMF"}}, {"type": "Feature", "geometry": {"type": "Point", "coordinates": [12.54253292, 55.68822879]}, "properties": {"id": 83, "name": "Nuuks Plads", "city": "København", "postalcode": NaN, "type": "Toilet med handicapadgang", "accessible": 1, "payment": "Unknown", "changing_table": "Unknown", "water": "Unknown", "description": "Hiort Lorenzens Gade 10", "municipality": "København", "source": "OpenDataDK_TMF"}}, {"type": "Feature", "geometry": {"type": "Point", "coordinates": [12.49048019, 55.65645078]}, "properties": {"id": 84, "name": "Kulværket", "city": "København", "postalcode": NaN, "type": "Toilet", "accessible": 0, "payment": "Unknown", "changing_table": "Unknown", "water": "Unknown", "description": "Kulbanevej  16", "municipality": "København", "source": "OpenDataDK_TMF"}}, {"type": "Feature", "geometry": {"type": "Point", "coordinates": [12.55152397, 55.66998832]}, "properties": {"id": 85, "name": "Saxoparken", "city": "København", "postalcode": NaN, "type": "Toilet med handicapadgang", "accessible": 1, "payment": "Unknown", "changing_table": "Unknown", "water": "Unknown", "description": "Matthæusgade 8", "municipality": "København", "source": "OpenDataDK_TMF"}}, {"type": "Feature", "geometry": {"type": "Point", "coordinates": [12.53805584, 55.70113752]}, "properties": {"id": 86, "name": "Mimers Plads", "city": "København", "postalcode": NaN, "type": "Toilet med handicapadgang", "accessible": 1, "payment": "Unknown", "changing_table": "Unknown", "water": "Unknown", "description": "Mimers Plads 14", "municipality": "København", "source": "OpenDataDK_TMF"}}, {"type": "Feature", "geometry": {"type": "Point", "coordinates": [12.54141286, 55.69881165]}, "properties": {"id": 87, "name": "nan", "city": "København", "postalcode": NaN, "type": "Toilet", "accessible": 0, "payment": "Unknown", "changing_table": "Unknown", "water": "Unknown", "description": "Nørrebrogade 211", "municipality": "København", "source": "OpenDataDK_TMF"}}, {"type": "Feature", "geometry": {"type": "Point", "coordinates": [12.54878622, 55.69344672]}, "properties": {"id": 88, "name": "Nørrebros runddel  Metrostation - Graverboligen Assistens Kirkegård", "city": "København", "postalcode": NaN, "type": "Toilet med handicapadgang", "accessible": 1, "payment": "Unknown", "changing_table": "Unknown", "water": "Unknown", "description": "Nørrebrogade 67", "municipality": "København", "source": "OpenDataDK_TMF"}}, {"type": "Feature", "geometry": {"type": "Point", "coordinates": [12.52262073, 55.63766327]}, "properties": {"id": 89, "name": "Valbyparken strand", "city": "København", "postalcode": NaN, "type": "Toilet med handicapadgang", "accessible": 1, "payment": "Unknown", "changing_table": "Unknown", "water": "Unknown", "description": "Tudsemindevej 41", "municipality": "København", "source": "OpenDataDK_TMF"}}, {"type": "Feature", "geometry": {"type": "Point", "coordinates": [12.56412393, 55.70609209]}, "properties": {"id": 90, "name": "Vibenhus Runddel", "city": "København", "postalcode": NaN, "type": "Toilet med handicapadgang", "accessible": 1, "payment": "Unknown", "changing_table": "Unknown", "water": "Unknown", "description": "Øster Allé 62", "municipality": "København", "source": "OpenDataDK_TMF"}}, {"type": "Feature", "geometry": {"type": "Point", "coordinates": [12.53328094, 55.65448904]}, "properties": {"id": 91, "name": "Vester Kirkegård V. Teater", "city": "København", "postalcode": NaN, "type": "Toilet", "accessible": 0, "payment": "Unknown", "changing_table": "Unknown", "water": "Unknown", "description": "Sydbanestien 24, Øster kapel (Teater)", "municipality": "København", "source": "OpenDataDK_TMF"}}, {"type": "Feature", "geometry": {"type": "Point", "coordinates": [12.52507765, 55.62289321]}, "properties": {"id": 92, "name": "Byskoven/Madpakke Huset", "city": "København", "postalcode": NaN, "type": "Toilet", "accessible": 0, "payment": "Unknown", "changing_table": "Unknown", "water": "Unknown", "description": "Selinevej 18", "municipality": "København", "source": "OpenDataDK_TMF"}}, {"type": "Feature", "geometry": {"type": "Point", "coordinates": [12.5555054, 55.64421295]}, "properties": {"id": 93, "name": "Havneslusen Nord/Grejbanken", "city": "København", "postalcode": NaN, "type": "Toilet med handicapadgang", "accessible": 1, "payment": "Unknown", "changing_table": "Unknown", "water": "Unknown", "description": "Ved Slusen 8", "municipality": "København", "source": "OpenDataDK_TMF"}}, {"type": "Feature", "geometry": {"type": "Point", "coordinates": [12.5790624, 55.69058368]}, "properties": {"id": 94, "name": "Østre Anlæg Legeplads", "city": "København", "postalcode": NaN, "type": "Toilet", "accessible": 0, "payment": "Unknown", "changing_table": "Unknown", "water": "Unknown", "description": "Stockholmsgade 24", "municipality": "København", "source": "OpenDataDK_TMF"}}, {"type": "Feature", "geometry": {"type": "Point", "coordinates": [12.54916227, 55.70354432]}, "properties": {"id": 95, "name": "Skjolds Plads", "city": "København", "postalcode": NaN, "type": "Toilet med handicapadgang", "accessible": 1, "payment": "Unknown", "changing_table": "Unknown", "water": "Unknown", "description": "Skjolds Plads 1", "municipality": "København", "source": "OpenDataDK_TMF"}}, {"type": "Feature", "geometry": {"type": "Point", "coordinates": [12.52850308, 55.66121893]}, "properties": {"id": 96, "name": "Vester Kirkegård - Nordre Kapel", "city": "København", "postalcode": NaN, "type": "Toilet", "accessible": 0, "payment": "Unknown", "changing_table": "Unknown", "water": "Unknown", "description": "Vestre Kirkegårds Allé 15B, Nordre Kapel", "municipality": "København", "source": "OpenDataDK_TMF"}}, {"type": "Feature", "geometry": {"type": "Point", "coordinates": [12.53765301, 55.70084092]}, "properties": {"id": 97, "name": "Nørrebro Station", "city": "København", "postalcode": NaN, "type": "Toilet med handicapadgang", "accessible": 1, "payment": "Unknown", "changing_table": "Unknown", "water": "Unknown", "description": "Frederikssundsvej 1A", "municipality": "København", "source": "OpenDataDK_TMF"}}, {"type": "Feature", "geometry": {"type": "Point", "coordinates": [12.57263192, 55.67760807]}, "properties": {"id": 98, "name": "V. Domhuset", "city": "København", "postalcode": NaN, "type": "Toilet", "accessible": 0, "payment": "Unknown", "changing_table": "Unknown", "water": "Unknown", "description": "Nytorv 29B", "municipality": "København", "source": "OpenDataDK_TMF"}}, {"type": "Feature", "geometry": {"type": "Point", "coordinates": [12.54146042, 55.69680484]}, "properties": {"id": 99, "name": "Nørrebroparken", "city": "København", "postalcode": NaN, "type": "Toilet", "accessible": 0, "payment": "Unknown", "changing_table": "Unknown", "water": "Unknown", "description": "Hillerødgade 13B", "municipality": "København", "source": "OpenDataDK_TMF"}}, {"type": "Feature", "geometry": {"type": "Point", "coordinates": [12.56504649, 55.70493103]}, "properties": {"id": 100, "name": "Fælledparken, \"Dansepladsen\"", "city": "København", "postalcode": NaN, "type": "Toilet med handicapadgang", "accessible": 1, "payment": "Unknown", "changing_table": "Unknown", "water": "Unknown", "description": "Edel Sauntes Allé 23", "municipality": "København", "source": "OpenDataDK_TMF"}}, {"type": "Feature", "geometry": {"type": "Point", "coordinates": [12.56269888, 55.68738443]}, "properties": {"id": 101, "name": "Dronning Louises Bro", "city": "København", "postalcode": NaN, "type": "Toilet", "accessible": 0, "payment": "Unknown", "changing_table": "Unknown", "water": "Unknown", "description": "Sortedam Dossering 2", "municipality": "København", "source": "OpenDataDK_TMF"}}, {"type": "Feature", "geometry": {"type": "Point", "coordinates": [12.53798638, 55.65423678]}, "properties": {"id": 102, "name": "Hørdumsgade", "city": "København", "postalcode": NaN, "type": "Toilet", "accessible": 0, "payment": "Unknown", "changing_table": "Unknown", "water": "Unknown", "description": "Enghavevej 198", "municipality": "København", "source": "OpenDataDK_TMF"}}, {"type": "Feature", "geometry": {"type": "Point", "coordinates": [12.58913654, 55.68526722]}, "properties": {"id": 103, "name": "Marmorkirken", "city": "København", "postalcode": NaN, "type": "Toilet med handicapadgang", "accessible": 1, "payment": "Unknown", "changing_table": "Unknown", "water": "Unknown", "description": "Frederiksgade 3", "municipality": "København", "source": "OpenDataDK_TMF"}}, {"type": "Feature", "geometry": {"type": "Point", "coordinates": [12.56806023, 55.71015078]}, "properties": {"id": 104, "name": "Tåsinge Plads", "city": "København", "postalcode": NaN, "type": "Toilet med handicapadgang", "accessible": 1, "payment": "Unknown", "changing_table": "Unknown", "water": "Unknown", "description": "Tåsingegade 43A", "municipality": "København", "source": "OpenDataDK_TMF"}}, {"type": "Feature", "geometry": {"type": "Point", "coordinates": [12.57624451, 55.70960162]}, "properties": {"id": 105, "name": "Poul Henningsens Plads", "city": "København", "postalcode": NaN, "type": "Toilet med handicapadgang", "accessible": 1, "payment": "Unknown", "changing_table": "Unknown", "water": "Unknown", "description": "Reersøgade 5", "municipality": "København", "source": "OpenDataDK_TMF"}}, {"type": "Feature", "geometry": {"type": "Point", "coordinates": [12.49479112, 55.65757001]}, "properties": {"id": 106, "name": "Kulbaneparken", "city": "København", "postalcode": NaN, "type": "Toilet", "accessible": 0, "payment": "Unknown", "changing_table": "Unknown", "water": "Unknown", "description": "Hornemanns Vænge 3", "municipality": "København", "source": "OpenDataDK_TMF"}}, {"type": "Feature", "geometry": {"type": "Point", "coordinates": [12.52881122, 55.62268368]}, "properties": {"id": 107, "name": "Estlandsgade 2", "city": "København", "postalcode": NaN, "type": "Toilet", "accessible": 0, "payment": "Unknown", "changing_table": "Unknown", "water": "Unknown", "description": "Estlandsgade 2", "municipality": "København", "source": "OpenDataDK_TMF"}}, {"type": "Feature", "geometry": {"type": "Point", "coordinates": [12.56458603, 55.6758709]}, "properties": {"id": 108, "name": "Axeltorv ved Cirkusbygningen", "city": "København", "postalcode": NaN, "type": "Toilet", "accessible": 0, "payment": "Unknown", "changing_table": "Unknown", "water": "Unknown", "description": "Jernbanegade 10", "municipality": "København", "source": "OpenDataDK_TMF"}}, {"type": "Feature", "geometry": {"type": "Point", "coordinates": [12.5565455, 55.6540678]}, "properties": {"id": 109, "name": "Enghave Brygge metrotoilet", "city": "København", "postalcode": NaN, "type": "Toilet med handicapadgang", "accessible": 1, "payment": "Unknown", "changing_table": "Unknown", "water": "Unknown", "description": "Bertha von Suttners Vej 3", "municipality": "København", "source": "OpenDataDK_TMF"}}, {"type": "Feature", "geometry": {"type": "Point", "coordinates": [12.55895323, 55.67464029]}, "properties": {"id": 110, "name": "Handicaptoilet forbeholdt borgere med svære handicap", "city": "København", "postalcode": NaN, "type": "Toilet med handicapadgang", "accessible": 1, "payment": "Unknown", "changing_table": "Unknown", "water": "Unknown", "description": "Vester Søgade 2A", "municipality": "København", "source": "OpenDataDK_TMF"}}, {"type": "Feature", "geometry": {"type": "Point", "coordinates": [12.56507032, 55.71446141]}, "properties": {"id": 111, "name": "Kildevældsparken", "city": "København", "postalcode": NaN, "type": "Toilet", "accessible": 0, "payment": "Unknown", "changing_table": "Unknown", "water": "Unknown", "description": "Vognmandsmarken 69", "municipality": "København", "source": "OpenDataDK_TMF"}}, {"type": "Feature", "geometry": {"type": "Point", "coordinates": [12.51714201, 55.65252905]}, "properties": {"id": 112, "name": "København Syd metrotoilet", "city": "København", "postalcode": NaN, "type": "Toilet med handicapadgang", "accessible": 1, "payment": "Unknown", "changing_table": "Unknown", "water": "Unknown", "description": "Carl Jacobsens Vej 17W", "municipality": "København", "source": "OpenDataDK_TMF"}}, {"type": "Feature", "geometry": {"type": "Point", "coordinates": [12.59643809, 55.70777108]}, "properties": {"id": 113, "name": ";Hamborg Plads", "city": "København", "postalcode": NaN, "type": "Toilet med handicapadgang", "accessible": 1, "payment": "Unknown", "changing_table": "Unknown", "water": "Unknown", "description": "Hamborg plads 1; Hamborg Plads 1", "municipality": "København", "source": "OpenDataDK_TMF"}}, {"type": "Feature", "geometry": {"type": "Point", "coordinates": [12.57294601, 55.68391733]}, "properties": {"id": 114, "name": "Nørreport v. Netto", "city": "København", "postalcode": NaN, "type": "Toilet med handicapadgang", "accessible": 1, "payment": "Unknown", "changing_table": "Unknown", "water": "Unknown", "description": "Nørre Voldgade 23A", "municipality": "København", "source": "OpenDataDK_TMF"}}, {"type": "Feature", "geometry": {"type": "Point", "coordinates": [12.60337987, 55.66874862]}, "properties": {"id": 115, "name": "Mobilt Toilet UBT Unisex", "city": "København", "postalcode": NaN, "type": "Toilet", "accessible": 0, "payment": "Unknown", "changing_table": "Unknown", "water": "Unknown", "description": "Mobilt Toilet UBT Unisex", "municipality": "København", "source": "OpenDataDK_TMF"}}, {"type": "Feature", "geometry": {"type": "Point", "coordinates": [12.60350539, 55.66879856]}, "properties": {"id": 116, "name": "Mobilt UBT toilet vogn Handicap", "city": "København", "postalcode": NaN, "type": "Toilet med handicapadgang", "accessible": 1, "payment": "Unknown", "changing_table": "Unknown", "water": "Unknown", "description": "Mobilt UBT toilet vogn Handicap", "municipality": "København", "source": "OpenDataDK_TMF"}}, {"type": "Feature", "geometry": {"type": "Point", "coordinates": [12.64660865, 55.65099396]}, "properties": {"id": 117, "name": "Dykkerstien 8", "city": "København", "postalcode": NaN, "type": "Toilet med handicapadgang", "accessible": 1, "payment": "Unknown", "changing_table": "Unknown", "water": "Unknown", "description": "Dykkerstien 8", "municipality": "København", "source": "OpenDataDK_TMF"}}, {"type": "Feature", "geometry": {"type": "Point", "coordinates": [12.59179427, 55.67199815]}, "properties": {"id": 118, "name": "Christianshavns Torv", "city": "København", "postalcode": NaN, "type": "Toilet med handicapadgang", "accessible": 1, "payment": "Unknown", "changing_table": "Unknown", "water": "Unknown", "description": "Torvegade 48", "municipality": "København", "source": "OpenDataDK_TMF"}}, {"type": "Feature", "geometry": {"type": "Point", "coordinates": [12.55630565, 55.71823119]}, "properties": {"id": 119, "name": "Lundehustorvet", "city": "København", "postalcode": NaN, "type": "Toilet", "accessible": 0, "payment": "Unknown", "changing_table": "Unknown", "water": "Unknown", "description": "Strødamvej 2", "municipality": "København", "source": "OpenDataDK_TMF"}}, {"type": "Feature", "geometry": {"type": "Point", "coordinates": [12.59389765, 55.71501758]}, "properties": {"id": 120, "name": "Kranparken", "city": "København", "postalcode": NaN, "type": "Toilet", "accessible": 0, "payment": "Unknown", "changing_table": "Unknown", "water": "Unknown", "description": "Sundkrogsgade 23", "municipality": "København", "source": "OpenDataDK_TMF"}}, {"type": "Feature", "geometry": {"type": "Point", "coordinates": [12.54370887, 55.64589747]}, "properties": {"id": 121, "name": "Sluseholmen Metro St. Unisex;Sluseholmen Metro St. Unisex Handicap", "city": "København", "postalcode": NaN, "type": "Toilet", "accessible": 0, "payment": "Unknown", "changing_table": "Unknown", "water": "Unknown", "description": "Sluseholmen Metro St. I,", "municipality": "København", "source": "OpenDataDK_TMF"}}, {"type": "Feature", "geometry": {"type": "Point", "coordinates": [12.58210852, 55.67662546]}, "properties": {"id": 122, "name": "Christiansborg Slotsplads, Holmensbro", "city": "København", "postalcode": NaN, "type": "Toilet", "accessible": 0, "payment": "Unknown", "changing_table": "Unknown", "water": "Unknown", "description": "Christiansborg Slotsplads 2", "municipality": "København", "source": "OpenDataDK_TMF"}}, {"type": "Feature", "geometry": {"type": "Point", "coordinates": [12.57158316, 55.67814484]}, "properties": {"id": 123, "name": "Gammel Torv", "city": "København", "postalcode": NaN, "type": "Toilet", "accessible": 0, "payment": "Unknown", "changing_table": "Unknown", "water": "Unknown", "description": "Gammeltorv 22F", "municipality": "København", "source": "OpenDataDK_TMF"}}, {"type": "Feature", "geometry": {"type": "Point", "coordinates": [12.57544099, 55.67998703]}, "properties": {"id": 124, "name": "Gråbrødre Torv", "city": "København", "postalcode": NaN, "type": "Toilet med handicapadgang", "accessible": 1, "payment": "Unknown", "changing_table": "Unknown", "water": "Unknown", "description": "Kejsergade 6", "municipality": "København", "source": "OpenDataDK_TMF"}}, {"type": "Feature", "geometry": {"type": "Point", "coordinates": [12.55308748, 55.689488]}, "properties": {"id": 125, "name": "Assistents Kirkegård", "city": "København", "postalcode": NaN, "type": "Toilet med handicapadgang", "accessible": 1, "payment": "Unknown", "changing_table": "Unknown", "water": "Unknown", "description": "Kapelvej 2", "municipality": "København", "source": "OpenDataDK_TMF"}}, {"type": "Feature", "geometry": {"type": "Point", "coordinates": [12.59805091, 55.65273499]}, "properties": {"id": 126, "name": "Remiseparken, Bonderen & Byggeren", "city": "København", "postalcode": NaN, "type": "Toilet med handicapadgang", "accessible": 1, "payment": "Unknown", "changing_table": "Unknown", "water": "Unknown", "description": "Peder Lykkes Vej 71", "municipality": "København", "source": "OpenDataDK_TMF"}}, {"type": "Feature", "geometry": {"type": "Point", "coordinates": [12.57951558, 55.66475883]}, "properties": {"id": 127, "name": "Gunløgsgade", "city": "København", "postalcode": NaN, "type": "Toilet", "accessible": 0, "payment": "Unknown", "changing_table": "Unknown", "water": "Unknown", "description": "Gunløgsgade 26A", "municipality": "København", "source": "OpenDataDK_TMF"}}, {"type": "Feature", "geometry": {"type": "Point", "coordinates": [12.56128533, 55.69137215]}, "properties": {"id": 128, "name": "Sankt Hans Torv", "city": "København", "postalcode": NaN, "type": "Toilet med handicapadgang", "accessible": 1, "payment": "Unknown", "changing_table": "Unknown", "water": "Unknown", "description": "Nørre Allé 2", "municipality": "København", "source": "OpenDataDK_TMF"}}, {"type": "Feature", "geometry": {"type": "Point", "coordinates": [12.57547549, 55.68941765]}, "properties": {"id": 129, "name": "Ved Sølvtorvet", "city": "København", "postalcode": NaN, "type": "Pissoir", "accessible": 0, "payment": "Unknown", "changing_table": "Unknown", "water": "Unknown", "description": "Stockholmsgade 2", "municipality": "København", "source": "OpenDataDK_TMF"}}, {"type": "Feature", "geometry": {"type": "Point", "coordinates": [12.55897079, 55.67480728]}, "properties": {"id": 130, "name": "Vester Søgade, o.f. Planetariet", "city": "København", "postalcode": NaN, "type": "Toilet med handicapadgang", "accessible": 1, "payment": "Unknown", "changing_table": "Unknown", "water": "Unknown", "description": "Vester Søgade 2", "municipality": "København", "source": "OpenDataDK_TMF"}}, {"type": "Feature", "geometry": {"type": "Point", "coordinates": [12.55406806, 55.67045433]}, "properties": {"id": 131, "name": "Skydebanehaven, legeplads", "city": "København", "postalcode": NaN, "type": "Toilet med handicapadgang", "accessible": 1, "payment": "Unknown", "changing_table": "Unknown", "water": "Unknown", "description": "Absalonsgade 12", "municipality": "København", "source": "OpenDataDK_TMF"}}, {"type": "Feature", "geometry": {"type": "Point", "coordinates": [12.59268569, 55.67001925]}, "properties": {"id": 132, "name": "Christianshavns Vold, Elefantens bastion", "city": "København", "postalcode": NaN, "type": "Toilet med handicapadgang", "accessible": 1, "payment": "Unknown", "changing_table": "Unknown", "water": "Unknown", "description": "Christianshavns Voldgade 36B", "municipality": "København", "source": "OpenDataDK_TMF"}}, {"type": "Feature", "geometry": {"type": "Point", "coordinates": [12.5416987, 55.66792248]}, "properties": {"id": 133, "name": "Enghaveparken, legeplads", "city": "København", "postalcode": NaN, "type": "Toilet", "accessible": 0, "payment": "Unknown", "changing_table": "Unknown", "water": "Unknown", "description": "Ejderstedgade 1", "municipality": "København", "source": "OpenDataDK_TMF"}}, {"type": "Feature", "geometry": {"type": "Point", "coordinates": [12.56461965, 55.68049439]}, "properties": {"id": 134, "name": "Ørstedsparken, legeplads", "city": "København", "postalcode": NaN, "type": "Toilet", "accessible": 0, "payment": "Unknown", "changing_table": "Unknown", "water": "Unknown", "description": "Nørre Farimagsgade 2", "municipality": "København", "source": "OpenDataDK_TMF"}}, {"type": "Feature", "geometry": {"type": "Point", "coordinates": [12.57072912, 55.70491418]}, "properties": {"id": 135, "name": "Fælledparken, Trafiklegepladsen", "city": "København", "postalcode": NaN, "type": "Toilet med handicapadgang", "accessible": 1, "payment": "Unknown", "changing_table": "Unknown", "water": "Unknown", "description": "Gunnar Nu Hansens Plads 10", "municipality": "København", "source": "OpenDataDK_TMF"}}, {"type": "Feature", "geometry": {"type": "Point", "coordinates": [12.56840793, 55.67633802]}, "properties": {"id": 136, "name": "Rådhuspladsen 5-7", "city": "København", "postalcode": NaN, "type": "Toilet med personale og handicapadgang", "accessible": 1, "payment": "Unknown", "changing_table": "Unknown", "water": "Unknown", "description": "Rådhuspladsen 5", "municipality": "København", "source": "OpenDataDK_TMF"}}, {"type": "Feature", "geometry": {"type": "Point", "coordinates": [12.57130978, 55.68304781]}, "properties": {"id": 137, "name": "Nørreport station", "city": "København", "postalcode": NaN, "type": "Toilet med personale og handicapadgang", "accessible": 1, "payment": "Unknown", "changing_table": "Unknown", "water": "Unknown", "description": "Nørre Voldgade 15A", "municipality": "København", "source": "OpenDataDK_TMF"}}, {"type": "Feature", "geometry": {"type": "Point", "coordinates": [12.52023842, 55.64184567]}, "properties": {"id": 138, "name": "Valbyparken, ved restaurant", "city": "København", "postalcode": NaN, "type": "Toilet", "accessible": 0, "payment": "Unknown", "changing_table": "Unknown", "water": "Unknown", "description": "Hammelstrupvej 98", "municipality": "København", "source": "OpenDataDK_TMF"}}, {"type": "Feature", "geometry": {"type": "Point", "coordinates": [12.57845101, 55.66838884]}, "properties": {"id": 139, "name": "Islands Brygge, Havneparken", "city": "København", "postalcode": NaN, "type": "Toilet", "accessible": 0, "payment": "Unknown", "changing_table": "Unknown", "water": "Unknown", "description": "Islands Brygge 12", "municipality": "København", "source": "OpenDataDK_TMF"}}, {"type": "Feature", "geometry": {"type": "Point", "coordinates": [12.61716235, 55.66174679]}, "properties": {"id": 140, "name": "Lergravsparken, ved Metro", "city": "København", "postalcode": NaN, "type": "Toilet med handicapadgang", "accessible": 1, "payment": "Unknown", "changing_table": "Unknown", "water": "Unknown", "description": "Østrigsgade 67", "municipality": "København", "source": "OpenDataDK_TMF"}}, {"type": "Feature", "geometry": {"type": "Point", "coordinates": [12.60216108, 55.65063981]}, "properties": {"id": 141, "name": "Englandsparken/Sundbyvesterparken", "city": "København", "postalcode": NaN, "type": "Toilet med handicapadgang", "accessible": 1, "payment": "Unknown", "changing_table": "Unknown", "water": "Unknown", "description": "Englandsvej 59B", "municipality": "København", "source": "OpenDataDK_TMF"}}, {"type": "Feature", "geometry": {"type": "Point", "coordinates": [12.47840436, 55.65812039]}, "properties": {"id": 142, "name": "Vigerslevparken Syd", "city": "København", "postalcode": NaN, "type": "Toilet med handicapadgang", "accessible": 1, "payment": "Unknown", "changing_table": "Unknown", "water": "Unknown", "description": "Engdals allé 20", "municipality": "København", "source": "OpenDataDK_TMF"}}, {"type": "Feature", "geometry": {"type": "Point", "coordinates": [12.51971874, 55.64061507]}, "properties": {"id": 143, "name": "Valbyparken, Rosenhaven", "city": "København", "postalcode": NaN, "type": "Toilet med handicapadgang", "accessible": 1, "payment": "Unknown", "changing_table": "Unknown", "water": "Unknown", "description": "Hammelstrupvej 114", "municipality": "København", "source": "OpenDataDK_TMF"}}, {"type": "Feature", "geometry": {"type": "Point", "coordinates": [12.48029297, 55.66973351]}, "properties": {"id": 144, "name": "Vigerslevparken Nord", "city": "København", "postalcode": NaN, "type": "Toilet med handicapadgang", "accessible": 1, "payment": "Unknown", "changing_table": "Unknown", "water": "Unknown", "description": "Engdraget 24", "municipality": "København", "source": "OpenDataDK_TMF"}}, {"type": "Feature", "geometry": {"type": "Point", "coordinates": [12.61111642, 55.6610463]}, "properties": {"id": 145, "name": "Rødegårdsparken", "city": "København", "postalcode": NaN, "type": "Toilet", "accessible": 0, "payment": "Unknown", "changing_table": "Unknown", "water": "Unknown", "description": "Rødegård 8A", "municipality": "København", "source": "OpenDataDK_TMF"}}, {"type": "Feature", "geometry": {"type": "Point", "coordinates": [12.53113725, 55.66175535]}, "properties": {"id": 146, "name": "Vestre Kirkegårds Allé, Hovedindgang", "city": "København", "postalcode": NaN, "type": "Toilet", "accessible": 0, "payment": "Unknown", "changing_table": "Unknown", "water": "Unknown", "description": "Vestre Kirkegårds Allé 15A", "municipality": "København", "source": "OpenDataDK_TMF"}}, {"type": "Feature", "geometry": {"type": "Point", "coordinates": [12.61358748, 55.65903255]}, "properties": {"id": 147, "name": "Bredegrund legeplads", "city": "København", "postalcode": NaN, "type": "Toilet med handicapadgang", "accessible": 1, "payment": "Unknown", "changing_table": "Unknown", "water": "Unknown", "description": "Bredegrund 8", "municipality": "København", "source": "OpenDataDK_TMF"}}, {"type": "Feature", "geometry": {"type": "Point", "coordinates": [12.6185854, 55.66252314]}, "properties": {"id": 148, "name": "Lergravsparken, Legeplads", "city": "København", "postalcode": NaN, "type": "Toilet", "accessible": 0, "payment": "Unknown", "changing_table": "Unknown", "water": "Unknown", "description": "Lergravsvej 16", "municipality": "København", "source": "OpenDataDK_TMF"}}, {"type": "Feature", "geometry": {"type": "Point", "coordinates": [12.61861682, 55.65390059]}, "properties": {"id": 149, "name": "Legepladsen Elba i Filipsparken", "city": "København", "postalcode": NaN, "type": "Toilet", "accessible": 0, "payment": "Unknown", "changing_table": "Unknown", "water": "Unknown", "description": "Parmagade 45", "municipality": "København", "source": "OpenDataDK_TMF"}}, {"type": "Feature", "geometry": {"type": "Point", "coordinates": [12.59719912, 55.65268313]}, "properties": {"id": 150, "name": "Remiseparken, Byggeren", "city": "København", "postalcode": NaN, "type": "Toilet", "accessible": 0, "payment": "Unknown", "changing_table": "Unknown", "water": "Unknown", "description": "Peder Lykkes Vej 73", "municipality": "København", "source": "OpenDataDK_TMF"}}, {"type": "Feature", "geometry": {"type": "Point", "coordinates": [12.49912793, 55.70552645]}, "properties": {"id": 151, "name": "Brønshøj Kirkevej / Brønshøj kirkegård", "city": "København", "postalcode": NaN, "type": "Toilet med handicapadgang", "accessible": 1, "payment": "Unknown", "changing_table": "Unknown", "water": "Unknown", "description": "Brønshøj Kirkevej 8", "municipality": "København", "source": "OpenDataDK_TMF"}}, {"type": "Feature", "geometry": {"type": "Point", "coordinates": [12.47906878, 55.716912]}, "properties": {"id": 152, "name": "Bystævnet/Vestvolden", "city": "København", "postalcode": NaN, "type": "Toilet", "accessible": 0, "payment": "Unknown", "changing_table": "Unknown", "water": "Unknown", "description": "Kobbelvænget 15B", "municipality": "København", "source": "OpenDataDK_TMF"}}, {"type": "Feature", "geometry": {"type": "Point", "coordinates": [12.64727322, 55.64843899]}, "properties": {"id": 153, "name": "Strandstation 5", "city": "København", "postalcode": NaN, "type": "Toilet med handicapadgang", "accessible": 1, "payment": "Unknown", "changing_table": "Unknown", "water": "Unknown", "description": "Havkajakvej 14", "municipality": "København", "source": "OpenDataDK_TMF"}}, {"type": "Feature", "geometry": {"type": "Point", "coordinates": [12.519763, 55.64469043]}, "properties": {"id": 154, "name": "Naturlegepladsen i Valbyparken", "city": "København", "postalcode": NaN, "type": "Toilet", "accessible": 0, "payment": "Unknown", "changing_table": "Unknown", "water": "Unknown", "description": "Hammelstrupvej  41", "municipality": "København", "source": "OpenDataDK_TMF"}}, {"type": "Feature", "geometry": {"type": "Point", "coordinates": [12.64934403, 55.65457892]}, "properties": {"id": 155, "name": "Strandstation 3", "city": "København", "postalcode": NaN, "type": "Toilet med handicapadgang", "accessible": 1, "payment": "Unknown", "changing_table": "Unknown", "water": "Unknown", "description": "Amager Strand Promenaden 1", "municipality": "København", "source": "OpenDataDK_TMF"}}, {"type": "Feature", "geometry": {"type": "Point", "coordinates": [12.63862152, 55.66302364]}, "properties": {"id": 156, "name": "Strandstation 1", "city": "København", "postalcode": NaN, "type": "Toilet med handicapadgang", "accessible": 1, "payment": "Unknown", "changing_table": "Unknown", "water": "Unknown", "description": "Øresundsstien 5", "municipality": "København", "source": "OpenDataDK_TMF"}}, {"type": "Feature", "geometry": {"type": "Point", "coordinates": [12.64292879, 55.65832876]}, "properties": {"id": 157, "name": "Strandstation 2", "city": "København", "postalcode": NaN, "type": "Toilet med handicapadgang", "accessible": 1, "payment": "Unknown", "changing_table": "Unknown", "water": "Unknown", "description": "Kilometerbroen 3", "municipality": "København", "source": "OpenDataDK_TMF"}}, {"type": "Feature", "geometry": {"type": "Point", "coordinates": [12.64398399, 55.64624042]}, "properties": {"id": 158, "name": "Femøren", "city": "København", "postalcode": NaN, "type": "Toilet med handicapadgang", "accessible": 1, "payment": "Unknown", "changing_table": "Unknown", "water": "Unknown", "description": "Amager Strandvej 275", "municipality": "København", "source": "OpenDataDK_TMF"}}, {"type": "Feature", "geometry": {"type": "Point", "coordinates": [12.59264417, 55.67000449]}, "properties": {"id": 159, "name": "Christianshavns Vold, Elefantens bastion", "city": "København", "postalcode": NaN, "type": "Toilet", "accessible": 0, "payment": "Unknown", "changing_table": "Unknown", "water": "Unknown", "description": "Christianshavns Voldgade 36A", "municipality": "København", "source": "OpenDataDK_TMF"}}, {"type": "Feature", "geometry": {"type": "Point", "coordinates": [12.50971645, 55.7031622]}, "properties": {"id": 160, "name": "Bellahøjparken", "city": "København", "postalcode": NaN, "type": "Toilet med handicapadgang", "accessible": 1, "payment": "Unknown", "changing_table": "Unknown", "water": "Unknown", "description": "Solkrogen 8", "municipality": "København", "source": "OpenDataDK_TMF"}}, {"type": "Feature", "geometry": {"type": "Point", "coordinates": [12.51029671, 55.70732013]}, "properties": {"id": 161, "name": "Brønshøjparken", "city": "København", "postalcode": NaN, "type": "Toilet med handicapadgang", "accessible": 1, "payment": "Unknown", "changing_table": "Unknown", "water": "Unknown", "description": "Hyrdevangen 1", "municipality": "København", "source": "OpenDataDK_TMF"}}, {"type": "Feature", "geometry": {"type": "Point", "coordinates": [12.46802338, 55.68245004]}, "properties": {"id": 162, "name": "Damhusdæmningen, Engen", "city": "København", "postalcode": NaN, "type": "Toilet", "accessible": 0, "payment": "Unknown", "changing_table": "Unknown", "water": "Unknown", "description": "Damhusdæmningen 14", "municipality": "København", "source": "OpenDataDK_TMF"}}, {"type": "Feature", "geometry": {"type": "Point", "coordinates": [12.47328565, 55.68158006]}, "properties": {"id": 163, "name": "V. Kiosk", "city": "København", "postalcode": NaN, "type": "Toilet med handicapadgang", "accessible": 1, "payment": "Unknown", "changing_table": "Unknown", "water": "Unknown", "description": "Damhusdæmningen 2A", "municipality": "København", "source": "OpenDataDK_TMF"}}, {"type": "Feature", "geometry": {"type": "Point", "coordinates": [12.54799433, 55.68863992]}, "properties": {"id": 164, "name": "Hans Tavsens Park", "city": "København", "postalcode": NaN, "type": "Toilet med handicapadgang", "accessible": 1, "payment": "Unknown", "changing_table": "Unknown", "water": "Unknown", "description": "Hans Tavsens Gade 20", "municipality": "København", "source": "OpenDataDK_TMF"}}, {"type": "Feature", "geometry": {"type": "Point", "coordinates": [12.54286566, 55.70969548]}, "properties": {"id": 165, "name": "Lersøparken", "city": "København", "postalcode": NaN, "type": "Toilet med handicapadgang", "accessible": 1, "payment": "Unknown", "changing_table": "Unknown", "water": "Unknown", "description": "Bispebjerg Bakke 12", "municipality": "København", "source": "OpenDataDK_TMF"}}, {"type": "Feature", "geometry": {"type": "Point", "coordinates": [12.56359017, 55.72197919]}, "properties": {"id": 166, "name": "Ryvangens Naturpark", "city": "København", "postalcode": NaN, "type": "Toilet med handicapadgang", "accessible": 1, "payment": "Unknown", "changing_table": "Unknown", "water": "Unknown", "description": "Rymarksvej 75B", "municipality": "København", "source": "OpenDataDK_TMF"}}, {"type": "Feature", "geometry": {"type": "Point", "coordinates": [12.51135642, 55.69966119]}, "properties": {"id": 167, "name": "Rødkildeparken", "city": "København", "postalcode": NaN, "type": "Toilet", "accessible": 0, "payment": "Unknown", "changing_table": "Unknown", "water": "Unknown", "description": "Rødkildevej 15", "municipality": "København", "source": "OpenDataDK_TMF"}}, {"type": "Feature", "geometry": {"type": "Point", "coordinates": [12.58302537, 55.71952858]}, "properties": {"id": 168, "name": "Svanemølle Strandpark", "city": "København", "postalcode": NaN, "type": "Toilet med handicapadgang", "accessible": 1, "payment": "Unknown", "changing_table": "Unknown", "water": "Unknown", "description": "Strandpromenaden 30", "municipality": "København", "source": "OpenDataDK_TMF"}}, {"type": "Feature", "geometry": {"type": "Point", "coordinates": [12.47501048, 55.69624698]}, "properties": {"id": 169, "name": "Nørager Plads, legeplads", "city": "København", "postalcode": NaN, "type": "Toilet", "accessible": 0, "payment": "Unknown", "changing_table": "Unknown", "water": "Unknown", "description": "Nørager Plads 23", "municipality": "København", "source": "OpenDataDK_TMF"}}, {"type": "Feature", "geometry": {"type": "Point", "coordinates": [12.53102504, 55.71424752]}, "properties": {"id": 170, "name": "Bispebjerg Kirkegård", "city": "København", "postalcode": NaN, "type": "Toilet", "accessible": 0, "payment": "Unknown", "changing_table": "Unknown", "water": "Unknown", "description": "Frederiksborgvej 123", "municipality": "København", "source": "OpenDataDK_TMF"}}, {"type": "Feature", "geometry": {"type": "Point", "coordinates": [12.49883117, 55.70418954]}, "properties": {"id": 171, "name": "Brønshøj Torv", "city": "København", "postalcode": NaN, "type": "Toilet med handicapadgang", "accessible": 1, "payment": "Unknown", "changing_table": "Unknown", "water": "Unknown", "description": "Krabbesholmvej 2", "municipality": "København", "source": "OpenDataDK_TMF"}}, {"type": "Feature", "geometry": {"type": "Point", "coordinates": [12.47170694, 55.71172318]}, "properties": {"id": 172, "name": "Husum Torv", "city": "København", "postalcode": NaN, "type": "Toilet med handicapadgang", "accessible": 1, "payment": "Unknown", "changing_table": "Unknown", "water": "Unknown", "description": "Husum Torv 2", "municipality": "København", "source": "OpenDataDK_TMF"}}, {"type": "Feature", "geometry": {"type": "Point", "coordinates": [12.53617345, 55.69552717]}, "properties": {"id": 173, "name": "Bispeengen", "city": "København", "postalcode": NaN, "type": "Toilet", "accessible": 0, "payment": "Unknown", "changing_table": "Unknown", "water": "Unknown", "description": "Hillerødgade  23B", "municipality": "København", "source": "OpenDataDK_TMF"}}, {"type": "Feature", "geometry": {"type": "Point", "coordinates": [12.47098843, 55.70423756]}, "properties": {"id": 174, "name": "Husumparken", "city": "København", "postalcode": NaN, "type": "Toilet", "accessible": 0, "payment": "Unknown", "changing_table": "Unknown", "water": "Unknown", "description": "Nordrupvej  16", "municipality": "København", "source": "OpenDataDK_TMF"}}, {"type": "Feature", "geometry": {"type": "Point", "coordinates": [12.54978015, 55.68832855]}, "properties": {"id": 175, "name": "HTØ ved Blågårdsskolen", "city": "København", "postalcode": NaN, "type": "Toilet", "accessible": 0, "payment": "Unknown", "changing_table": "Unknown", "water": "Unknown", "description": "Hans Tavsens Gade 10", "municipality": "København", "source": "OpenDataDK_TMF"}}, {"type": "Feature", "geometry": {"type": "Point", "coordinates": [12.56502005, 55.71457097]}, "properties": {"id": 176, "name": "Kildevældsparken", "city": "København", "postalcode": NaN, "type": "Toilet", "accessible": 0, "payment": "Unknown", "changing_table": "Unknown", "water": "Unknown", "description": "Vognmandsmarken 69", "municipality": "København", "source": "OpenDataDK_TMF"}}, {"type": "Feature", "geometry": {"type": "Point", "coordinates": [12.59478288, 55.69456734]}, "properties": {"id": 177, "name": "Ved østlige ende af bro", "city": "København", "postalcode": NaN, "type": "Toilet med handicapadgang", "accessible": 1, "payment": "Unknown", "changing_table": "Unknown", "water": "Unknown", "description": "Langelinie 1", "municipality": "København", "source": "OpenDataDK_TMF"}}, {"type": "Feature", "geometry": {"type": "Point", "coordinates": [12.5420197, 55.69413971]}, "properties": {"id": 178, "name": "Nørrebroparken, legeplads", "city": "København", "postalcode": NaN, "type": "Toilet", "accessible": 0, "payment": "Unknown", "changing_table": "Unknown", "water": "Unknown", "description": "Stefansgade  30", "municipality": "København", "source": "OpenDataDK_TMF"}}, {"type": "Feature", "geometry": {"type": "Point", "coordinates": [12.559995, 55.68596884]}, "properties": {"id": 179, "name": "Legepladsen Wesselsgade", "city": "København", "postalcode": NaN, "type": "Toilet", "accessible": 0, "payment": "Unknown", "changing_table": "Unknown", "water": "Unknown", "description": "Wesselsgade 12", "municipality": "København", "source": "OpenDataDK_TMF"}}, {"type": "Feature", "geometry": {"type": "Point", "coordinates": [12.52257733, 55.70548742]}, "properties": {"id": 180, "name": "Hulgårds Plads", "city": "København", "postalcode": NaN, "type": "Toilet med handicapadgang", "accessible": 1, "payment": "Unknown", "changing_table": "Unknown", "water": "Unknown", "description": "Hulgårds Plads 4", "municipality": "København", "source": "OpenDataDK_TMF"}}, {"type": "Feature", "geometry": {"type": "Point", "coordinates": [12.61212648, 55.65183174]}, "properties": {"id": 181, "name": "Sundbyøster Plads", "city": "København", "postalcode": NaN, "type": "Toilet med handicapadgang", "accessible": 1, "payment": "Unknown", "changing_table": "Unknown", "water": "Unknown", "description": "Amagerbrogade 185", "municipality": "København", "source": "OpenDataDK_TMF"}}, {"type": "Feature", "geometry": {"type": "Point", "coordinates": [12.63217029, 55.66640455]}, "properties": {"id": 182, "name": "Søstjernen/Søanemonestien, Hundestrandens toilet", "city": "København", "postalcode": NaN, "type": "Toilet med handicapadgang", "accessible": 1, "payment": "Unknown", "changing_table": "Unknown", "water": "Unknown", "description": "Amager Strandvej 11", "municipality": "København", "source": "OpenDataDK_TMF"}}, {"type": "Feature", "geometry": {"type": "Point", "coordinates": [12.63657218, 55.65762885]}, "properties": {"id": 183, "name": "Ved Italiensvej", "city": "København", "postalcode": NaN, "type": "Toilet med handicapadgang", "accessible": 1, "payment": "Unknown", "changing_table": "Unknown", "water": "Unknown", "description": "Amager Strandvej 125", "municipality": "København", "source": "OpenDataDK_TMF"}}, {"type": "Feature", "geometry": {"type": "Point", "coordinates": [12.53429613, 55.65365449]}, "properties": {"id": 1, "name": "Center for Afklaring og Beskæftigelse (CAB)", "city": "København", "postalcode": NaN, "type": "Toilet", "accessible": 0, "payment": "Unknown", "changing_table": "Unknown", "water": "Unknown", "description": "Sydbanestien 6", "municipality": "København", "source": "OpenDataDK_Other"}}, {"type": "Feature", "geometry": {"type": "Point", "coordinates": [12.53875734, 55.66456224]}, "properties": {"id": 2, "name": "Vesterbro Svømmehal", "city": "København", "postalcode": NaN, "type": "Toilet", "accessible": 0, "payment": "Unknown", "changing_table": "Unknown", "water": "Unknown", "description": "Angelgade 4", "municipality": "København", "source": "OpenDataDK_Other"}}, {"type": "Feature", "geometry": {"type": "Point", "coordinates": [12.51310704, 55.66534274]}, "properties": {"id": 3, "name": "Valby Bibliotek", "city": "København", "postalcode": NaN, "type": "Toilet", "accessible": 0, "payment": "Unknown", "changing_table": "Unknown", "water": "Unknown", "description": "Annexstræde 2", "municipality": "København", "source": "OpenDataDK_Other"}}, {"type": "Feature", "geometry": {"type": "Point", "coordinates": [12.58096424, 55.63128648]}, "properties": {"id": 4, "name": "Ørestad Bibliotek", "city": "København", "postalcode": NaN, "type": "Toilet", "accessible": 0, "payment": "Unknown", "changing_table": "Unknown", "water": "Unknown", "description": "Arne Jacobsens Allé 19", "municipality": "København", "source": "OpenDataDK_Other"}}, {"type": "Feature", "geometry": {"type": "Point", "coordinates": [12.54545631, 55.69956521]}, "properties": {"id": 5, "name": "Center for Arbejdsfastholdelse (JKA)", "city": "København", "postalcode": NaN, "type": "Toilet", "accessible": 0, "payment": "Unknown", "changing_table": "Unknown", "water": "Unknown", "description": "Baldersgade 24", "municipality": "København", "source": "OpenDataDK_Other"}}, {"type": "Feature", "geometry": {"type": "Point", "coordinates": [12.51431452, 55.70604113]}, "properties": {"id": 6, "name": "Bellahøj Hallerne", "city": "København", "postalcode": NaN, "type": "Toilet", "accessible": 0, "payment": "Unknown", "changing_table": "Unknown", "water": "Unknown", "description": "Bellahøjvej 1", "municipality": "København", "source": "OpenDataDK_Other"}}, {"type": "Feature", "geometry": {"type": "Point", "coordinates": [12.51431452, 55.70604113]}, "properties": {"id": 7, "name": "Bellahøj Svømmestadion", "city": "København", "postalcode": NaN, "type": "Toilet", "accessible": 0, "payment": "Unknown", "changing_table": "Unknown", "water": "Unknown", "description": "Bellahøjvej 1-3", "municipality": "København", "source": "OpenDataDK_Other"}}, {"type": "Feature", "geometry": {"type": "Point", "coordinates": [12.57828311, 55.67653283]}, "properties": {"id": 8, "name": "Thorvaldsens Museum", "city": "København", "postalcode": NaN, "type": "Toilet", "accessible": 0, "payment": "Unknown", "changing_table": "Unknown", "water": "Unknown", "description": "Bertel Thorvaldsens Plads 2", "municipality": "København", "source": "OpenDataDK_Other"}}, {"type": "Feature", "geometry": {"type": "Point", "coordinates": [12.54364161, 55.69901234]}, "properties": {"id": 9, "name": "Nørrebro Bibliotek", "city": "København", "postalcode": NaN, "type": "Toilet", "accessible": 0, "payment": "Unknown", "changing_table": "Unknown", "water": "Unknown", "description": "Bragesgade 8B", "municipality": "København", "source": "OpenDataDK_Other"}}, {"type": "Feature", "geometry": {"type": "Point", "coordinates": [12.547187, 55.71834193]}, "properties": {"id": 10, "name": "Emdrup Bad", "city": "København", "postalcode": NaN, "type": "Toilet", "accessible": 0, "payment": "Unknown", "changing_table": "Unknown", "water": "Unknown", "description": "Bredelandsvej 20", "municipality": "København", "source": "OpenDataDK_Other"}}, {"type": "Feature", "geometry": {"type": "Point", "coordinates": [12.59076343, 55.67137954]}, "properties": {"id": 11, "name": "Christianshavns Bibliotek", "city": "København", "postalcode": NaN, "type": "Toilet med handicapadgang", "accessible": 1, "payment": "Unknown", "changing_table": "Unknown", "water": "Unknown", "description": "Dronningensgade 43", "municipality": "København", "source": "OpenDataDK_Other"}}, {"type": "Feature", "geometry": {"type": "Point", "coordinates": [12.53860569, 55.65968566]}, "properties": {"id": 12, "name": "Bavnehøj idrætsanlæg", "city": "København", "postalcode": NaN, "type": "Toilet", "accessible": 0, "payment": "Unknown", "changing_table": "Unknown", "water": "Unknown", "description": "Enghavevej 90", "municipality": "København", "source": "OpenDataDK_Other"}}, {"type": "Feature", "geometry": {"type": "Point", "coordinates": [12.59995555, 55.65022998]}, "properties": {"id": 13, "name": "Sundby Idrætspark", "city": "København", "postalcode": NaN, "type": "Toilet", "accessible": 0, "payment": "Unknown", "changing_table": "Unknown", "water": "Unknown", "description": "Englandsvej 61", "municipality": "København", "source": "OpenDataDK_Other"}}, {"type": "Feature", "geometry": {"type": "Point", "coordinates": [12.60979449, 55.6628988]}, "properties": {"id": 14, "name": "Frankrigsgade Svømmehal", "city": "København", "postalcode": NaN, "type": "Toilet", "accessible": 0, "payment": "Unknown", "changing_table": "Unknown", "water": "Unknown", "description": "Frankrigsgade 35", "municipality": "København", "source": "OpenDataDK_Other"}}, {"type": "Feature", "geometry": {"type": "Point", "coordinates": [12.49106584, 55.68706828]}, "properties": {"id": 15, "name": "Kulturstationen Vanløse, Kulturhus (1.sal)", "city": "København", "postalcode": NaN, "type": "Toilet", "accessible": 0, "payment": "Unknown", "changing_table": "Unknown", "water": "Unknown", "description": "Frode Jakobsens Plads 4", "municipality": "København", "source": "OpenDataDK_Other"}}, {"type": "Feature", "geometry": {"type": "Point", "coordinates": [12.53978896, 55.65419193]}, "properties": {"id": 16, "name": "Center for Afklaring og Beskæftigelse (CAB)", "city": "København", "postalcode": NaN, "type": "Toilet", "accessible": 0, "payment": "Unknown", "changing_table": "Unknown", "water": "Unknown", "description": "Gamle Vasbygade 49", "municipality": "København", "source": "OpenDataDK_Other"}}, {"type": "Feature", "geometry": {"type": "Point", "coordinates": [12.51841046, 55.69997705]}, "properties": {"id": 17, "name": "Genforeningspladsen", "city": "København", "postalcode": NaN, "type": "Toilet", "accessible": 0, "payment": "Unknown", "changing_table": "Unknown", "water": "Unknown", "description": "Genforeningspladsen 54", "municipality": "København", "source": "OpenDataDK_Other"}}, {"type": "Feature", "geometry": {"type": "Point", "coordinates": [12.55265248, 55.68642728]}, "properties": {"id": 18, "name": "Voksen- & Hjemløsenheden/Fælles Modtagelse: Opgang 2, stuen", "city": "København", "postalcode": NaN, "type": "Toilet", "accessible": 0, "payment": "Unknown", "changing_table": "Unknown", "water": "Unknown", "description": "Griffenfeldsgade 44,", "municipality": "København", "source": "OpenDataDK_Other"}}, {"type": "Feature", "geometry": {"type": "Point", "coordinates": [12.56278181, 55.6797482]}, "properties": {"id": 19, "name": "International house (JKI)", "city": "København", "postalcode": NaN, "type": "Toilet", "accessible": 0, "payment": "Unknown", "changing_table": "Unknown", "water": "Unknown", "description": "Gyldenløvesgade 11", "municipality": "København", "source": "OpenDataDK_Other"}}, {"type": "Feature", "geometry": {"type": "Point", "coordinates": [12.60917294, 55.65472832]}, "properties": {"id": 20, "name": "Sundhedshus Amager", "city": "København", "postalcode": NaN, "type": "Toilet", "accessible": 0, "payment": "Unknown", "changing_table": "Unknown", "water": "Unknown", "description": "Hans Bogbinders Allé 3", "municipality": "København", "source": "OpenDataDK_Other"}}, {"type": "Feature", "geometry": {"type": "Point", "coordinates": [12.53377096, 55.70068407]}, "properties": {"id": 21, "name": "Center for Beskæftigelse, Sprog og Integration (CBSI)", "city": "København", "postalcode": NaN, "type": "Toilet", "accessible": 0, "payment": "Unknown", "changing_table": "Unknown", "water": "Unknown", "description": "Hejrevej 10", "municipality": "København", "source": "OpenDataDK_Other"}}, {"type": "Feature", "geometry": {"type": "Point", "coordinates": [12.51535242, 55.69983428]}, "properties": {"id": 22, "name": "Grøndal MultiCenter", "city": "København", "postalcode": NaN, "type": "Toilet", "accessible": 0, "payment": "Unknown", "changing_table": "Unknown", "water": "Unknown", "description": "Hvidkildevej 64", "municipality": "København", "source": "OpenDataDK_Other"}}, {"type": "Feature", "geometry": {"type": "Point", "coordinates": [12.54338752, 55.69185278]}, "properties": {"id": 23, "name": "Behandlingsenhed Indre (BEI)", "city": "København", "postalcode": NaN, "type": "Toilet med handicapadgang", "accessible": 1, "payment": "Unknown", "changing_table": "Unknown", "water": "Unknown", "description": "Hørsholmsgade 20A", "municipality": "København", "source": "OpenDataDK_Other"}}, {"type": "Feature", "geometry": {"type": "Point", "coordinates": [12.48907282, 55.68638473]}, "properties": {"id": 24, "name": "Sundhedshus Vanløse/Brønshøj/Husum", "city": "København", "postalcode": NaN, "type": "Toilet", "accessible": 0, "payment": "Unknown", "changing_table": "Unknown", "water": "Unknown", "description": "Indertoften 10", "municipality": "København", "source": "OpenDataDK_Other"}}, {"type": "Feature", "geometry": {"type": "Point", "coordinates": [12.57627835, 55.66683683]}, "properties": {"id": 25, "name": "Kulturhuset Islands Brygge", "city": "København", "postalcode": NaN, "type": "Toilet med handicapadgang", "accessible": 1, "payment": "Unknown", "changing_table": "Unknown", "water": "Unknown", "description": "Islands Brygge 18", "municipality": "København", "source": "OpenDataDK_Other"}}, {"type": "Feature", "geometry": {"type": "Point", "coordinates": [12.57649459, 55.70916604]}, "properties": {"id": 26, "name": "Kultur Østerbro", "city": "København", "postalcode": NaN, "type": "Toilet", "accessible": 0, "payment": "Unknown", "changing_table": "Unknown", "water": "Unknown", "description": "Jagtvej 227", "municipality": "København", "source": "OpenDataDK_Other"}}, {"type": "Feature", "geometry": {"type": "Point", "coordinates": [12.51527553, 55.64897808]}, "properties": {"id": 27, "name": "Valby Vandkulturhus", "city": "København", "postalcode": NaN, "type": "Toilet", "accessible": 0, "payment": "Unknown", "changing_table": "Unknown", "water": "Unknown", "description": "Julius Andersens Vej 1A", "municipality": "København", "source": "OpenDataDK_Other"}}, {"type": "Feature", "geometry": {"type": "Point", "coordinates": [12.5165097, 55.64938138]}, "properties": {"id": 28, "name": "Valbyhallen", "city": "København", "postalcode": NaN, "type": "Toilet", "accessible": 0, "payment": "Unknown", "changing_table": "Unknown", "water": "Unknown", "description": "Julius Andersens Vej 3", "municipality": "København", "source": "OpenDataDK_Other"}}, {"type": "Feature", "geometry": {"type": "Point", "coordinates": [12.50331336, 55.64923082]}, "properties": {"id": 29, "name": "Vigerslev Bibliotek", "city": "København", "postalcode": NaN, "type": "Toilet", "accessible": 0, "payment": "Unknown", "changing_table": "Unknown", "water": "Unknown", "description": "Kirsebærhaven 23", "municipality": "København", "source": "OpenDataDK_Other"}}, {"type": "Feature", "geometry": {"type": "Point", "coordinates": [12.47696332, 55.6863876]}, "properties": {"id": 30, "name": "Vanløse Idrætspark", "city": "København", "postalcode": NaN, "type": "Toilet", "accessible": 0, "payment": "Unknown", "changing_table": "Unknown", "water": "Unknown", "description": "Klitmøllervej 20", "municipality": "København", "source": "OpenDataDK_Other"}}, {"type": "Feature", "geometry": {"type": "Point", "coordinates": [12.57339478, 55.6678304]}, "properties": {"id": 31, "name": "Kalvebod Bølge", "city": "København", "postalcode": NaN, "type": "Toilet med handicapadgang", "accessible": 1, "payment": "Unknown", "changing_table": "Unknown", "water": "Unknown", "description": "Kalvebod Brygge 7", "municipality": "København", "source": "OpenDataDK_Other"}}, {"type": "Feature", "geometry": {"type": "Point", "coordinates": [12.60832749, 55.67227129]}, "properties": {"id": 32, "name": "Kløvermarkens Idrætsanlæg", "city": "København", "postalcode": NaN, "type": "Toilet", "accessible": 0, "payment": "Unknown", "changing_table": "Unknown", "water": "Unknown", "description": "Kløvermarksvej 50", "municipality": "København", "source": "OpenDataDK_Other"}}, {"type": "Feature", "geometry": {"type": "Point", "coordinates": [12.5437152, 55.66782679]}, "properties": {"id": 33, "name": "Vesterbro Bibliotek", "city": "København", "postalcode": NaN, "type": "Toilet", "accessible": 0, "payment": "Unknown", "changing_table": "Unknown", "water": "Unknown", "description": "Lyrskovgade 4", "municipality": "København", "source": "OpenDataDK_Other"}}, {"type": "Feature", "geometry": {"type": "Point", "coordinates": [12.52939873, 55.70113419]}, "properties": {"id": 34, "name": "Borgerservice Bispebjerg", "city": "København", "postalcode": NaN, "type": "Toilet", "accessible": 0, "payment": "Unknown", "changing_table": "Unknown", "water": "Unknown", "description": "Lærkevej 18", "municipality": "København", "source": "OpenDataDK_Other"}}, {"type": "Feature", "geometry": {"type": "Point", "coordinates": [12.48119104, 55.68582133]}, "properties": {"id": 35, "name": "Vanløse Hallerne", "city": "København", "postalcode": NaN, "type": "Toilet", "accessible": 0, "payment": "Unknown", "changing_table": "Unknown", "water": "Unknown", "description": "Lønstrupvej 5", "municipality": "København", "source": "OpenDataDK_Other"}}, {"type": "Feature", "geometry": {"type": "Point", "coordinates": [12.55238215, 55.66979738]}, "properties": {"id": 36, "name": "Modtagelsen", "city": "København", "postalcode": NaN, "type": "Toilet", "accessible": 0, "payment": "Unknown", "changing_table": "Unknown", "water": "Unknown", "description": "Matthæusgade 1", "municipality": "København", "source": "OpenDataDK_Other"}}, {"type": "Feature", "geometry": {"type": "Point", "coordinates": [12.55238215, 55.66979738]}, "properties": {"id": 37, "name": "Modtagelsen", "city": "København", "postalcode": NaN, "type": "Toilet", "accessible": 0, "payment": "Unknown", "changing_table": "Unknown", "water": "Unknown", "description": "Matthæusgade 1", "municipality": "København", "source": "OpenDataDK_Other"}}, {"type": "Feature", "geometry": {"type": "Point", "coordinates": [12.54822683, 55.69903641]}, "properties": {"id": 38, "name": "Sundhedshus Nørrebro/Bispebjerg", "city": "København", "postalcode": NaN, "type": "Toilet", "accessible": 0, "payment": "Unknown", "changing_table": "Unknown", "water": "Unknown", "description": "Mimersgade 41", "municipality": "København", "source": "OpenDataDK_Other"}}, {"type": "Feature", "geometry": {"type": "Point", "coordinates": [12.58147442, 55.67879093]}, "properties": {"id": 39, "name": "Nikolaj Kunsthal", "city": "København", "postalcode": NaN, "type": "Toilet", "accessible": 0, "payment": "Unknown", "changing_table": "Unknown", "water": "Unknown", "description": "Nikolaj Plads 10", "municipality": "København", "source": "OpenDataDK_Other"}}, {"type": "Feature", "geometry": {"type": "Point", "coordinates": [12.57877965, 55.66672679]}, "properties": {"id": 40, "name": "Islands Brygges Bibliotek", "city": "København", "postalcode": NaN, "type": "Toilet", "accessible": 0, "payment": "Unknown", "changing_table": "Unknown", "water": "Unknown", "description": "Njalsgade 13", "municipality": "København", "source": "OpenDataDK_Other"}}, {"type": "Feature", "geometry": {"type": "Point", "coordinates": [12.5539796, 55.64646158]}, "properties": {"id": 41, "name": "Havnebadet Sluseholmen", "city": "København", "postalcode": NaN, "type": "Toilet med handicapadgang", "accessible": 1, "payment": "Unknown", "changing_table": "Unknown", "water": "Unknown", "description": "Ben Websters Vej 69; Ben Websters Vej 69 ", "municipality": "København", "source": "OpenDataDK_Other"}}, {"type": "Feature", "geometry": {"type": "Point", "coordinates": [12.5619013, 55.68016627]}, "properties": {"id": 42, "name": "Borgerservice Indre By", "city": "København", "postalcode": NaN, "type": "Toilet", "accessible": 0, "payment": "Unknown", "changing_table": "Unknown", "water": "Unknown", "description": "Nyropsgade 1", "municipality": "København", "source": "OpenDataDK_Other"}}, {"type": "Feature", "geometry": {"type": "Point", "coordinates": [12.56109908, 55.67665698]}, "properties": {"id": 43, "name": "Arbejdsmarkedscenteret (AMC)", "city": "København", "postalcode": NaN, "type": "Toilet", "accessible": 0, "payment": "Unknown", "changing_table": "Unknown", "water": "Unknown", "description": "Nyropsgade 41A", "municipality": "København", "source": "OpenDataDK_Other"}}, {"type": "Feature", "geometry": {"type": "Point", "coordinates": [12.53373122, 55.7257427]}, "properties": {"id": 44, "name": "Emdrup Idrætspark", "city": "København", "postalcode": NaN, "type": "Toilet", "accessible": 0, "payment": "Unknown", "changing_table": "Unknown", "water": "Unknown", "description": "Nøkkerosevej 23", "municipality": "København", "source": "OpenDataDK_Other"}}, {"type": "Feature", "geometry": {"type": "Point", "coordinates": [12.54299367, 55.69954994]}, "properties": {"id": 45, "name": "Nørrebrohallen", "city": "København", "postalcode": NaN, "type": "Toilet", "accessible": 0, "payment": "Unknown", "changing_table": "Unknown", "water": "Unknown", "description": "Nørrebrogade 208", "municipality": "København", "source": "OpenDataDK_Other"}}, {"type": "Feature", "geometry": {"type": "Point", "coordinates": [12.61276752, 55.65242336]}, "properties": {"id": 46, "name": "Sundbyøsterhal # 2", "city": "København", "postalcode": NaN, "type": "Toilet", "accessible": 0, "payment": "Unknown", "changing_table": "Unknown", "water": "Unknown", "description": "Parmagade 4", "municipality": "København", "source": "OpenDataDK_Other"}}, {"type": "Feature", "geometry": {"type": "Point", "coordinates": [12.61325788, 55.65217223]}, "properties": {"id": 47, "name": "Sundbyøsterhal", "city": "København", "postalcode": NaN, "type": "Toilet", "accessible": 0, "payment": "Unknown", "changing_table": "Unknown", "water": "Unknown", "description": "Parmagade 8", "municipality": "København", "source": "OpenDataDK_Other"}}, {"type": "Feature", "geometry": {"type": "Point", "coordinates": [12.59548406, 55.64872228]}, "properties": {"id": 48, "name": "Solvang Bibliotek", "city": "København", "postalcode": NaN, "type": "Toilet", "accessible": 0, "payment": "Unknown", "changing_table": "Unknown", "water": "Unknown", "description": "Remisevej 14", "municipality": "København", "source": "OpenDataDK_Other"}}, {"type": "Feature", "geometry": {"type": "Point", "coordinates": [12.49232561, 55.7188182]}, "properties": {"id": 49, "name": "Udliciteret", "city": "København", "postalcode": NaN, "type": "Toilet", "accessible": 0, "payment": "Unknown", "changing_table": "Unknown", "water": "Unknown", "description": "Ruten 2", "municipality": "København", "source": "OpenDataDK_Other"}}, {"type": "Feature", "geometry": {"type": "Point", "coordinates": [12.57472842, 55.67641127]}, "properties": {"id": 50, "name": "Huset-KBH, stue-etagen", "city": "København", "postalcode": NaN, "type": "Toilet", "accessible": 0, "payment": "Unknown", "changing_table": "Unknown", "water": "Unknown", "description": "Rådhusstræde 13", "municipality": "København", "source": "OpenDataDK_Other"}}, {"type": "Feature", "geometry": {"type": "Point", "coordinates": [12.53957102, 55.69670977]}, "properties": {"id": 51, "name": "Hillerødgade Bad og Hal", "city": "København", "postalcode": NaN, "type": "Toilet", "accessible": 0, "payment": "Unknown", "changing_table": "Unknown", "water": "Unknown", "description": "Sandbjerggade 35 ", "municipality": "København", "source": "OpenDataDK_Other"}}, {"type": "Feature", "geometry": {"type": "Point", "coordinates": [12.55604134, 55.66759785]}, "properties": {"id": 52, "name": "Ungecenteret (JKU)", "city": "København", "postalcode": NaN, "type": "Toilet", "accessible": 0, "payment": "Unknown", "changing_table": "Unknown", "water": "Unknown", "description": "Skelbækgade 4", "municipality": "København", "source": "OpenDataDK_Other"}}, {"type": "Feature", "geometry": {"type": "Point", "coordinates": [12.6019089, 55.64645048]}, "properties": {"id": 53, "name": "Sundby Bad", "city": "København", "postalcode": NaN, "type": "Toilet", "accessible": 0, "payment": "Unknown", "changing_table": "Unknown", "water": "Unknown", "description": "Sundbyvestervej 50", "municipality": "København", "source": "OpenDataDK_Other"}}, {"type": "Feature", "geometry": {"type": "Point", "coordinates": [12.59616671, 55.66086612]}, "properties": {"id": 54, "name": "Arbejdsmarkedscenteret (AMC)", "city": "København", "postalcode": NaN, "type": "Toilet", "accessible": 0, "payment": "Unknown", "changing_table": "Unknown", "water": "Unknown", "description": "Sundholmsvej 22", "municipality": "København", "source": "OpenDataDK_Other"}}, {"type": "Feature", "geometry": {"type": "Point", "coordinates": [12.53492642, 55.70010427]}, "properties": {"id": 55, "name": "VE BBHV", "city": "København", "postalcode": NaN, "type": "Toilet", "accessible": 0, "payment": "Unknown", "changing_table": "Unknown", "water": "Unknown", "description": "Svanevej 12", "municipality": "København", "source": "OpenDataDK_Other"}}, {"type": "Feature", "geometry": {"type": "Point", "coordinates": [12.55874917, 55.70759281]}, "properties": {"id": 56, "name": "Center for Kompetence og Beskæftigelse (CKB)", "city": "København", "postalcode": NaN, "type": "Toilet", "accessible": 0, "payment": "Unknown", "changing_table": "Unknown", "water": "Unknown", "description": "Teglværksgade 31", "municipality": "København", "source": "OpenDataDK_Other"}}, {"type": "Feature", "geometry": {"type": "Point", "coordinates": [12.52684609, 55.70608448]}, "properties": {"id": 57, "name": "Borgercenter Handicap", "city": "København", "postalcode": NaN, "type": "Toilet", "accessible": 0, "payment": "Unknown", "changing_table": "Unknown", "water": "Unknown", "description": "Thoravej 29", "municipality": "København", "source": "OpenDataDK_Other"}}, {"type": "Feature", "geometry": {"type": "Point", "coordinates": [12.5296638, 55.64692802]}, "properties": {"id": 58, "name": "Sydhavnens bibliotek", "city": "København", "postalcode": NaN, "type": "Toilet", "accessible": 0, "payment": "Unknown", "changing_table": "Unknown", "water": "Unknown", "description": "Wagnersvej 19", "municipality": "København", "source": "OpenDataDK_Other"}}, {"type": "Feature", "geometry": {"type": "Point", "coordinates": [12.51843103, 55.66096652]}, "properties": {"id": 59, "name": "Valby Kulturhus", "city": "København", "postalcode": NaN, "type": "Toilet", "accessible": 0, "payment": "Unknown", "changing_table": "Unknown", "water": "Unknown", "description": "Valgårdsvej 8", "municipality": "København", "source": "OpenDataDK_Other"}}, {"type": "Feature", "geometry": {"type": "Point", "coordinates": [12.54952084, 55.70296754]}, "properties": {"id": 60, "name": "Osramhuset", "city": "København", "postalcode": NaN, "type": "Toilet", "accessible": 0, "payment": "Unknown", "changing_table": "Unknown", "water": "Unknown", "description": "Valhalsgade 4", "municipality": "København", "source": "OpenDataDK_Other"}}, {"type": "Feature", "geometry": {"type": "Point", "coordinates": [12.54277005, 55.67069171]}, "properties": {"id": 61, "name": "Sundhedshus Vesterbro/Valby/Kgs. Enghave", "city": "København", "postalcode": NaN, "type": "Toilet", "accessible": 0, "payment": "Unknown", "changing_table": "Unknown", "water": "Unknown", "description": "Vesterbrogade 121", "municipality": "København", "source": "OpenDataDK_Other"}}, {"type": "Feature", "geometry": {"type": "Point", "coordinates": [12.55304193, 55.6724524]}, "properties": {"id": 62, "name": "Københavns Museum", "city": "København", "postalcode": NaN, "type": "Toilet", "accessible": 0, "payment": "Unknown", "changing_table": "Unknown", "water": "Unknown", "description": "Vesterbrogade 59", "municipality": "København", "source": "OpenDataDK_Other"}}, {"type": "Feature", "geometry": {"type": "Point", "coordinates": [12.64003331, 55.66369415]}, "properties": {"id": 63, "name": "Helgoland Badeanstalt", "city": "København", "postalcode": NaN, "type": "Toilet", "accessible": 0, "payment": "Unknown", "changing_table": "Unknown", "water": "Unknown", "description": "Øresundsstien 11", "municipality": "København", "source": "OpenDataDK_Other"}}, {"type": "Feature", "geometry": {"type": "Point", "coordinates": [12.57871948, 55.71422674]}, "properties": {"id": 64, "name": "Svanemøllehallen", "city": "København", "postalcode": NaN, "type": "Toilet", "accessible": 0, "payment": "Unknown", "changing_table": "Unknown", "water": "Unknown", "description": "Østerbrogade 240", "municipality": "København", "source": "OpenDataDK_Other"}}, {"type": "Feature", "geometry": {"type": "Point", "coordinates": [12.58791133, 55.70749322]}, "properties": {"id": 65, "name": "Østerbrohuset", "city": "København", "postalcode": NaN, "type": "Toilet", "accessible": 0, "payment": "Unknown", "changing_table": "Unknown", "water": "Unknown", "description": "Århusgade 103", "municipality": "København", "source": "OpenDataDK_Other"}}, {"type": "Feature", "geometry": {"type": "Point", "coordinates": [12.52492849, 55.7106102]}, "properties": {"id": 66, "name": "Degnestavnen", "city": "København", "postalcode": NaN, "type": "Toilet", "accessible": 0, "payment": "Unknown", "changing_table": "Unknown", "water": "Unknown", "description": "Degnestavnen 20", "municipality": "København", "source": "OpenDataDK_Other"}}, {"type": "Feature", "geometry": {"type": "Point", "coordinates": [12.59742416, 55.70627874]}, "properties": {"id": 67, "name": "Det Flydende Aktivitetshus", "city": "København", "postalcode": NaN, "type": "Toilet med handicapadgang", "accessible": 1, "payment": "Unknown", "changing_table": "Unknown", "water": "Unknown", "description": "Sandkaj 30", "municipality": "København", "source": "OpenDataDK_Other"}}, {"type": "Feature", "geometry": {"type": "Point", "coordinates": [12.56957767, 55.67562753]}, "properties": {"id": 68, "name": "Københavns Stadsarkiv", "city": "København", "postalcode": NaN, "type": "Toilet", "accessible": 0, "payment": "Unknown", "changing_table": "Unknown", "water": "Unknown", "description": "Rådhuspladsen 1", "municipality": "København", "source": "OpenDataDK_Other"}}, {"type": "Feature", "geometry": {"type": "Point", "coordinates": [12.49130888, 55.68652214]}, "properties": {"id": 69, "name": "Kulturstationen Vanløse, bibliotek", "city": "København", "postalcode": NaN, "type": "Toilet", "accessible": 0, "payment": "Unknown", "changing_table": "Unknown", "water": "Unknown", "description": "Jernbane Allé 38", "municipality": "København", "source": "OpenDataDK_Other"}}, {"type": "Feature", "geometry": {"type": "Point", "coordinates": [12.58174536, 55.69457327]}, "properties": {"id": 70, "name": "Kultur Østerbro  (Østerbro bibliotek)", "city": "København", "postalcode": NaN, "type": "Toilet", "accessible": 0, "payment": "Unknown", "changing_table": "Unknown", "water": "Unknown", "description": "Dag Hammarskjolds Allé 19", "municipality": "København", "source": "OpenDataDK_Other"}}, {"type": "Feature", "geometry": {"type": "Point", "coordinates": [12.57629293, 55.70475633]}, "properties": {"id": 71, "name": "Øbro-Hallen", "city": "København", "postalcode": NaN, "type": "Toilet", "accessible": 0, "payment": "Unknown", "changing_table": "Unknown", "water": "Unknown", "description": "Gunnar Nu Hansens Plads 3", "municipality": "København", "source": "OpenDataDK_Other"}}, {"type": "Feature", "geometry": {"type": "Point", "coordinates": [12.56056438, 55.69153163]}, "properties": {"id": 72, "name": "VerdensKulturCentret", "city": "København", "postalcode": NaN, "type": "Toilet", "accessible": 0, "payment": "Unknown", "changing_table": "Unknown", "water": "Unknown", "description": "Nørre Allé 7", "municipality": "København", "source": "OpenDataDK_Other"}}]}